resid_i,resid_j,start_frame,end_frame,frames,lifetime_ns,chainID_i,chainID_j,resname_i,resname_j,source_file,mean_lifetime_ns,std_lifetime_ns,median_lifetime_ns,min_lifetime_ns,max_lifetime_ns,count_lifetime_ns,sum_lifetime_ns,helix_i,helix_i_class,helix_j,helix_j_class,chain_label_i,chain_label_j,sim_type,resid_resname_i,resid_resname_j,resid_resname_pair,lifetime_microseconds,resid_j_renumbered,chain_j_renamed,resid_j_renumbered_resname,restype_i,restype_j,type_i,type_j
45,329,1580,1631,52,104.0,r,A,TYR,PRO,chain_r_chain_r_1_respairs_events_df.csv,202.5,107.44766167767447,185.0,104.0,336.0,4,810.0,loop,,loop,,CP29,PsbS,pairs,45TYR,329PRO,45TYR-329PRO,0.104,117,B,117PRO,aromatic,special,protein,protein
45,329,1706,1769,64,128.0,r,A,TYR,PRO,chain_r_chain_r_1_respairs_events_df.csv,202.5,107.44766167767447,185.0,104.0,336.0,4,810.0,loop,,loop,,CP29,PsbS,pairs,45TYR,329PRO,45TYR-329PRO,0.128,117,B,117PRO,aromatic,special,protein,protein
45,329,1771,1891,121,242.0,r,A,TYR,PRO,chain_r_chain_r_1_respairs_events_df.csv,202.5,107.44766167767447,185.0,104.0,336.0,4,810.0,loop,,loop,,CP29,PsbS,pairs,45TYR,329PRO,45TYR-329PRO,0.242,117,B,117PRO,aromatic,special,protein,protein
45,329,1964,2131,168,336.0,r,A,TYR,PRO,chain_r_chain_r_1_respairs_events_df.csv,202.5,107.44766167767447,185.0,104.0,336.0,4,810.0,loop,,loop,,CP29,PsbS,pairs,45TYR,329PRO,45TYR-329PRO,0.336,117,B,117PRO,aromatic,special,protein,protein
45,330,1918,1967,50,100.0,r,A,TYR,GLY,chain_r_chain_r_1_respairs_events_df.csv,180.0,114.67054257015327,135.0,100.0,350.0,4,720.0,loop,,loop,,CP29,PsbS,pairs,45TYR,330GLY,45TYR-330GLY,0.1,118,B,118GLY,aromatic,special,protein,protein
45,330,1969,2143,175,350.0,r,A,TYR,GLY,chain_r_chain_r_1_respairs_events_df.csv,180.0,114.67054257015327,135.0,100.0,350.0,4,720.0,loop,,loop,,CP29,PsbS,pairs,45TYR,330GLY,45TYR-330GLY,0.35,118,B,118GLY,aromatic,special,protein,protein
45,330,2243,2313,71,142.0,r,A,TYR,GLY,chain_r_chain_r_1_respairs_events_df.csv,180.0,114.67054257015327,135.0,100.0,350.0,4,720.0,loop,,loop,,CP29,PsbS,pairs,45TYR,330GLY,45TYR-330GLY,0.142,118,B,118GLY,aromatic,special,protein,protein
45,330,2315,2378,64,128.0,r,A,TYR,GLY,chain_r_chain_r_1_respairs_events_df.csv,180.0,114.67054257015327,135.0,100.0,350.0,4,720.0,loop,,loop,,CP29,PsbS,pairs,45TYR,330GLY,45TYR-330GLY,0.128,118,B,118GLY,aromatic,special,protein,protein
45,331,2083,2136,54,108.0,r,A,TYR,LYS,chain_r_chain_r_1_respairs_events_df.csv,130.0,31.11269837220809,130.0,108.0,152.0,2,260.0,loop,,loop,,CP29,PsbS,pairs,45TYR,331LYS,45TYR-331LYS,0.108,119,B,119LYS,aromatic,basic,protein,protein
45,331,2244,2319,76,152.0,r,A,TYR,LYS,chain_r_chain_r_1_respairs_events_df.csv,130.0,31.11269837220809,130.0,108.0,152.0,2,260.0,loop,,loop,,CP29,PsbS,pairs,45TYR,331LYS,45TYR-331LYS,0.152,119,B,119LYS,aromatic,basic,protein,protein
48,10,2096,2280,185,370.0,r,A,PHE,LYS,chain_r_chain_r_1_respairs_events_df.csv,370.0,,370.0,370.0,370.0,1,370.0,loop,,loop,,CP29,PsbS,pairs,48PHE,10LYS,48PHE-10LYS,0.37,10,A,10LYS,aromatic,basic,protein,protein
48,11,2095,2144,50,100.0,r,A,PHE,LYS,chain_r_chain_r_1_respairs_events_df.csv,100.0,,100.0,100.0,100.0,1,100.0,loop,,loop,,CP29,PsbS,pairs,48PHE,11LYS,48PHE-11LYS,0.1,11,A,11LYS,aromatic,basic,protein,protein
48,12,2058,2144,87,174.0,r,A,PHE,VAL,chain_r_chain_r_1_respairs_events_df.csv,174.0,,174.0,174.0,174.0,1,174.0,loop,,loop,,CP29,PsbS,pairs,48PHE,12VAL,48PHE-12VAL,0.174,12,A,12VAL,aromatic,hydrophobic,protein,protein
48,331,829,878,50,100.0,r,A,PHE,LYS,chain_r_chain_r_1_respairs_events_df.csv,100.0,,100.0,100.0,100.0,1,100.0,loop,,loop,,CP29,PsbS,pairs,48PHE,331LYS,48PHE-331LYS,0.1,119,B,119LYS,aromatic,basic,protein,protein
48,332,888,937,50,100.0,r,A,PHE,ASP,chain_r_chain_r_1_respairs_events_df.csv,118.4,14.791889669680476,114.0,100.0,140.0,5,592.0,loop,,loop,,CP29,PsbS,pairs,48PHE,332ASP,48PHE-332ASP,0.1,120,B,120ASP,aromatic,ASP,protein,protein
48,332,1279,1340,62,124.0,r,A,PHE,ASP,chain_r_chain_r_1_respairs_events_df.csv,118.4,14.791889669680476,114.0,100.0,140.0,5,592.0,loop,,loop,,CP29,PsbS,pairs,48PHE,332ASP,48PHE-332ASP,0.124,120,B,120ASP,aromatic,ASP,protein,protein
48,332,1928,1984,57,114.0,r,A,PHE,ASP,chain_r_chain_r_1_respairs_events_df.csv,118.4,14.791889669680476,114.0,100.0,140.0,5,592.0,loop,,loop,,CP29,PsbS,pairs,48PHE,332ASP,48PHE-332ASP,0.114,120,B,120ASP,aromatic,ASP,protein,protein
48,332,1986,2055,70,140.0,r,A,PHE,ASP,chain_r_chain_r_1_respairs_events_df.csv,118.4,14.791889669680476,114.0,100.0,140.0,5,592.0,loop,,loop,,CP29,PsbS,pairs,48PHE,332ASP,48PHE-332ASP,0.14,120,B,120ASP,aromatic,ASP,protein,protein
48,332,2097,2153,57,114.0,r,A,PHE,ASP,chain_r_chain_r_1_respairs_events_df.csv,118.4,14.791889669680476,114.0,100.0,140.0,5,592.0,loop,,loop,,CP29,PsbS,pairs,48PHE,332ASP,48PHE-332ASP,0.114,120,B,120ASP,aromatic,ASP,protein,protein
48,333,635,695,61,122.0,r,A,PHE,VAL,chain_r_chain_r_1_respairs_events_df.csv,137.33333333333334,24.846193538112303,124.0,122.0,166.0,3,412.0,loop,,loop,,CP29,PsbS,pairs,48PHE,333VAL,48PHE-333VAL,0.122,121,B,121VAL,aromatic,hydrophobic,protein,protein
48,333,697,779,83,166.0,r,A,PHE,VAL,chain_r_chain_r_1_respairs_events_df.csv,137.33333333333334,24.846193538112303,124.0,122.0,166.0,3,412.0,loop,,loop,,CP29,PsbS,pairs,48PHE,333VAL,48PHE-333VAL,0.166,121,B,121VAL,aromatic,hydrophobic,protein,protein
48,333,781,842,62,124.0,r,A,PHE,VAL,chain_r_chain_r_1_respairs_events_df.csv,137.33333333333334,24.846193538112303,124.0,122.0,166.0,3,412.0,loop,,loop,,CP29,PsbS,pairs,48PHE,333VAL,48PHE-333VAL,0.124,121,B,121VAL,aromatic,hydrophobic,protein,protein
48,334,697,747,51,102.0,r,A,PHE,ARG,chain_r_chain_r_1_respairs_events_df.csv,102.0,,102.0,102.0,102.0,1,102.0,loop,,loop,,CP29,PsbS,pairs,48PHE,334ARG,48PHE-334ARG,0.102,122,B,122ARG,aromatic,basic,protein,protein
48,339,1279,1343,65,130.0,r,A,PHE,LEU,chain_r_chain_r_1_respairs_events_df.csv,130.0,,130.0,130.0,130.0,1,130.0,loop,,loop,,CP29,PsbS,pairs,48PHE,339LEU,48PHE-339LEU,0.13,127,B,127LEU,aromatic,hydrophobic,protein,protein
48,340,924,1011,88,176.0,r,A,PHE,LYS,chain_r_chain_r_1_respairs_events_df.csv,208.44444444444449,110.3393754639647,164.0,106.0,444.0,9,1876.0,loop,,loop,,CP29,PsbS,pairs,48PHE,340LYS,48PHE-340LYS,0.176,128,B,128LYS,aromatic,basic,protein,protein
48,340,1014,1235,222,444.0,r,A,PHE,LYS,chain_r_chain_r_1_respairs_events_df.csv,208.44444444444449,110.3393754639647,164.0,106.0,444.0,9,1876.0,loop,,loop,,CP29,PsbS,pairs,48PHE,340LYS,48PHE-340LYS,0.444,128,B,128LYS,aromatic,basic,protein,protein
48,340,1237,1383,147,294.0,r,A,PHE,LYS,chain_r_chain_r_1_respairs_events_df.csv,208.44444444444449,110.3393754639647,164.0,106.0,444.0,9,1876.0,loop,,loop,,CP29,PsbS,pairs,48PHE,340LYS,48PHE-340LYS,0.294,128,B,128LYS,aromatic,basic,protein,protein
48,340,1607,1686,80,160.0,r,A,PHE,LYS,chain_r_chain_r_1_respairs_events_df.csv,208.44444444444449,110.3393754639647,164.0,106.0,444.0,9,1876.0,loop,,loop,,CP29,PsbS,pairs,48PHE,340LYS,48PHE-340LYS,0.16,128,B,128LYS,aromatic,basic,protein,protein
48,340,1726,1807,82,164.0,r,A,PHE,LYS,chain_r_chain_r_1_respairs_events_df.csv,208.44444444444449,110.3393754639647,164.0,106.0,444.0,9,1876.0,loop,,loop,,CP29,PsbS,pairs,48PHE,340LYS,48PHE-340LYS,0.164,128,B,128LYS,aromatic,basic,protein,protein
48,340,1824,1887,64,128.0,r,A,PHE,LYS,chain_r_chain_r_1_respairs_events_df.csv,208.44444444444449,110.3393754639647,164.0,106.0,444.0,9,1876.0,loop,,loop,,CP29,PsbS,pairs,48PHE,340LYS,48PHE-340LYS,0.128,128,B,128LYS,aromatic,basic,protein,protein
48,340,2001,2062,62,124.0,r,A,PHE,LYS,chain_r_chain_r_1_respairs_events_df.csv,208.44444444444449,110.3393754639647,164.0,106.0,444.0,9,1876.0,loop,,loop,,CP29,PsbS,pairs,48PHE,340LYS,48PHE-340LYS,0.124,128,B,128LYS,aromatic,basic,protein,protein
48,340,2064,2203,140,280.0,r,A,PHE,LYS,chain_r_chain_r_1_respairs_events_df.csv,208.44444444444449,110.3393754639647,164.0,106.0,444.0,9,1876.0,loop,,loop,,CP29,PsbS,pairs,48PHE,340LYS,48PHE-340LYS,0.28,128,B,128LYS,aromatic,basic,protein,protein
48,340,2206,2258,53,106.0,r,A,PHE,LYS,chain_r_chain_r_1_respairs_events_df.csv,208.44444444444449,110.3393754639647,164.0,106.0,444.0,9,1876.0,loop,,loop,,CP29,PsbS,pairs,48PHE,340LYS,48PHE-340LYS,0.106,128,B,128LYS,aromatic,basic,protein,protein
49,10,2100,2280,181,362.0,r,A,ASP,LYS,chain_r_chain_r_1_respairs_events_df.csv,362.0,,362.0,362.0,362.0,1,362.0,loop,,loop,,CP29,PsbS,pairs,49ASP,10LYS,49ASP-10LYS,0.362,10,A,10LYS,ASP,basic,protein,protein
49,332,1237,1295,59,118.0,r,A,ASP,ASP,chain_r_chain_r_1_respairs_events_df.csv,116.0,2.8284271247461903,116.0,114.0,118.0,2,232.0,loop,,loop,,CP29,PsbS,pairs,49ASP,332ASP,49ASP-332ASP,0.118,120,B,120ASP,ASP,ASP,protein,protein
49,332,1928,1984,57,114.0,r,A,ASP,ASP,chain_r_chain_r_1_respairs_events_df.csv,116.0,2.8284271247461903,116.0,114.0,118.0,2,232.0,loop,,loop,,CP29,PsbS,pairs,49ASP,332ASP,49ASP-332ASP,0.114,120,B,120ASP,ASP,ASP,protein,protein
50,10,2074,2280,207,414.0,r,A,LEU,LYS,chain_r_chain_r_1_respairs_events_df.csv,414.0,,414.0,414.0,414.0,1,414.0,loop,,loop,,CP29,PsbS,pairs,50LEU,10LYS,50LEU-10LYS,0.414,10,A,10LYS,hydrophobic,basic,protein,protein
50,329,1680,1742,63,126.0,r,A,LEU,PRO,chain_r_chain_r_1_respairs_events_df.csv,136.0,14.142135623730953,136.0,126.0,146.0,2,272.0,loop,,loop,,CP29,PsbS,pairs,50LEU,329PRO,50LEU-329PRO,0.126,117,B,117PRO,hydrophobic,special,protein,protein
50,329,1753,1825,73,146.0,r,A,LEU,PRO,chain_r_chain_r_1_respairs_events_df.csv,136.0,14.142135623730953,136.0,126.0,146.0,2,272.0,loop,,loop,,CP29,PsbS,pairs,50LEU,329PRO,50LEU-329PRO,0.146,117,B,117PRO,hydrophobic,special,protein,protein
50,330,1234,1349,116,232.0,r,A,LEU,GLY,chain_r_chain_r_1_respairs_events_df.csv,218.0,109.89449485756782,186.0,112.0,370.0,6,1308.0,loop,,loop,,CP29,PsbS,pairs,50LEU,330GLY,50LEU-330GLY,0.232,118,B,118GLY,hydrophobic,special,protein,protein
50,330,1351,1406,56,112.0,r,A,LEU,GLY,chain_r_chain_r_1_respairs_events_df.csv,218.0,109.89449485756782,186.0,112.0,370.0,6,1308.0,loop,,loop,,CP29,PsbS,pairs,50LEU,330GLY,50LEU-330GLY,0.112,118,B,118GLY,hydrophobic,special,protein,protein
50,330,1419,1488,70,140.0,r,A,LEU,GLY,chain_r_chain_r_1_respairs_events_df.csv,218.0,109.89449485756782,186.0,112.0,370.0,6,1308.0,loop,,loop,,CP29,PsbS,pairs,50LEU,330GLY,50LEU-330GLY,0.14,118,B,118GLY,hydrophobic,special,protein,protein
50,330,1679,1742,64,128.0,r,A,LEU,GLY,chain_r_chain_r_1_respairs_events_df.csv,218.0,109.89449485756782,186.0,112.0,370.0,6,1308.0,loop,,loop,,CP29,PsbS,pairs,50LEU,330GLY,50LEU-330GLY,0.128,118,B,118GLY,hydrophobic,special,protein,protein
50,330,1744,1928,185,370.0,r,A,LEU,GLY,chain_r_chain_r_1_respairs_events_df.csv,218.0,109.89449485756782,186.0,112.0,370.0,6,1308.0,loop,,loop,,CP29,PsbS,pairs,50LEU,330GLY,50LEU-330GLY,0.37,118,B,118GLY,hydrophobic,special,protein,protein
50,330,2003,2165,163,326.0,r,A,LEU,GLY,chain_r_chain_r_1_respairs_events_df.csv,218.0,109.89449485756782,186.0,112.0,370.0,6,1308.0,loop,,loop,,CP29,PsbS,pairs,50LEU,330GLY,50LEU-330GLY,0.326,118,B,118GLY,hydrophobic,special,protein,protein
50,331,1235,1511,277,554.0,r,A,LEU,LYS,chain_r_chain_r_1_respairs_events_df.csv,703.3333333333334,239.8527325950933,576.0,554.0,980.0,3,2110.0,loop,,loop,,CP29,PsbS,pairs,50LEU,331LYS,50LEU-331LYS,0.554,119,B,119LYS,hydrophobic,basic,protein,protein
50,331,1679,2168,490,980.0,r,A,LEU,LYS,chain_r_chain_r_1_respairs_events_df.csv,703.3333333333334,239.8527325950933,576.0,554.0,980.0,3,2110.0,loop,,loop,,CP29,PsbS,pairs,50LEU,331LYS,50LEU-331LYS,0.98,119,B,119LYS,hydrophobic,basic,protein,protein
50,331,2170,2457,288,576.0,r,A,LEU,LYS,chain_r_chain_r_1_respairs_events_df.csv,703.3333333333334,239.8527325950933,576.0,554.0,980.0,3,2110.0,loop,,loop,,CP29,PsbS,pairs,50LEU,331LYS,50LEU-331LYS,0.576,119,B,119LYS,hydrophobic,basic,protein,protein
50,332,1019,1115,97,194.0,r,A,LEU,ASP,chain_r_chain_r_1_respairs_events_df.csv,465.6,364.7749991433075,380.0,102.0,998.0,5,2328.0,loop,,loop,,CP29,PsbS,pairs,50LEU,332ASP,50LEU-332ASP,0.194,120,B,120ASP,hydrophobic,ASP,protein,protein
50,332,1117,1615,499,998.0,r,A,LEU,ASP,chain_r_chain_r_1_respairs_events_df.csv,465.6,364.7749991433075,380.0,102.0,998.0,5,2328.0,loop,,loop,,CP29,PsbS,pairs,50LEU,332ASP,50LEU-332ASP,0.998,120,B,120ASP,hydrophobic,ASP,protein,protein
50,332,1891,2080,190,380.0,r,A,LEU,ASP,chain_r_chain_r_1_respairs_events_df.csv,465.6,364.7749991433075,380.0,102.0,998.0,5,2328.0,loop,,loop,,CP29,PsbS,pairs,50LEU,332ASP,50LEU-332ASP,0.38,120,B,120ASP,hydrophobic,ASP,protein,protein
50,332,2082,2408,327,654.0,r,A,LEU,ASP,chain_r_chain_r_1_respairs_events_df.csv,465.6,364.7749991433075,380.0,102.0,998.0,5,2328.0,loop,,loop,,CP29,PsbS,pairs,50LEU,332ASP,50LEU-332ASP,0.654,120,B,120ASP,hydrophobic,ASP,protein,protein
50,332,2424,2474,51,102.0,r,A,LEU,ASP,chain_r_chain_r_1_respairs_events_df.csv,465.6,364.7749991433075,380.0,102.0,998.0,5,2328.0,loop,,loop,,CP29,PsbS,pairs,50LEU,332ASP,50LEU-332ASP,0.102,120,B,120ASP,hydrophobic,ASP,protein,protein
50,333,1431,1618,188,376.0,r,A,LEU,VAL,chain_r_chain_r_1_respairs_events_df.csv,341.0,154.544491975612,316.0,190.0,542.0,4,1364.0,loop,,loop,,CP29,PsbS,pairs,50LEU,333VAL,50LEU-333VAL,0.376,121,B,121VAL,hydrophobic,hydrophobic,protein,protein
50,333,1894,2021,128,256.0,r,A,LEU,VAL,chain_r_chain_r_1_respairs_events_df.csv,341.0,154.544491975612,316.0,190.0,542.0,4,1364.0,loop,,loop,,CP29,PsbS,pairs,50LEU,333VAL,50LEU-333VAL,0.256,121,B,121VAL,hydrophobic,hydrophobic,protein,protein
50,333,2044,2314,271,542.0,r,A,LEU,VAL,chain_r_chain_r_1_respairs_events_df.csv,341.0,154.544491975612,316.0,190.0,542.0,4,1364.0,loop,,loop,,CP29,PsbS,pairs,50LEU,333VAL,50LEU-333VAL,0.542,121,B,121VAL,hydrophobic,hydrophobic,protein,protein
50,333,2319,2413,95,190.0,r,A,LEU,VAL,chain_r_chain_r_1_respairs_events_df.csv,341.0,154.544491975612,316.0,190.0,542.0,4,1364.0,loop,,loop,,CP29,PsbS,pairs,50LEU,333VAL,50LEU-333VAL,0.19,121,B,121VAL,hydrophobic,hydrophobic,protein,protein
51,10,2061,2280,220,440.0,r,A,ASP,LYS,chain_r_chain_r_1_respairs_events_df.csv,440.0,,440.0,440.0,440.0,1,440.0,loop,,loop,,CP29,PsbS,pairs,51ASP,10LYS,51ASP-10LYS,0.44,10,A,10LYS,ASP,basic,protein,protein
51,331,1244,1452,209,418.0,r,A,ASP,LYS,chain_r_chain_r_1_respairs_events_df.csv,261.0,175.29289774545916,243.0,100.0,460.0,6,1566.0,loop,,loop,,CP29,PsbS,pairs,51ASP,331LYS,51ASP-331LYS,0.418,119,B,119LYS,ASP,basic,protein,protein
51,331,1677,1906,230,460.0,r,A,ASP,LYS,chain_r_chain_r_1_respairs_events_df.csv,261.0,175.29289774545916,243.0,100.0,460.0,6,1566.0,loop,,loop,,CP29,PsbS,pairs,51ASP,331LYS,51ASP-331LYS,0.46,119,B,119LYS,ASP,basic,protein,protein
51,331,1962,2151,190,380.0,r,A,ASP,LYS,chain_r_chain_r_1_respairs_events_df.csv,261.0,175.29289774545916,243.0,100.0,460.0,6,1566.0,loop,,loop,,CP29,PsbS,pairs,51ASP,331LYS,51ASP-331LYS,0.38,119,B,119LYS,ASP,basic,protein,protein
51,331,2275,2324,50,100.0,r,A,ASP,LYS,chain_r_chain_r_1_respairs_events_df.csv,261.0,175.29289774545916,243.0,100.0,460.0,6,1566.0,loop,,loop,,CP29,PsbS,pairs,51ASP,331LYS,51ASP-331LYS,0.1,119,B,119LYS,ASP,basic,protein,protein
51,331,2345,2395,51,102.0,r,A,ASP,LYS,chain_r_chain_r_1_respairs_events_df.csv,261.0,175.29289774545916,243.0,100.0,460.0,6,1566.0,loop,,loop,,CP29,PsbS,pairs,51ASP,331LYS,51ASP-331LYS,0.102,119,B,119LYS,ASP,basic,protein,protein
51,331,2397,2449,53,106.0,r,A,ASP,LYS,chain_r_chain_r_1_respairs_events_df.csv,261.0,175.29289774545916,243.0,100.0,460.0,6,1566.0,loop,,loop,,CP29,PsbS,pairs,51ASP,331LYS,51ASP-331LYS,0.106,119,B,119LYS,ASP,basic,protein,protein
51,332,1018,2474,1457,2914.0,r,A,ASP,ASP,chain_r_chain_r_1_respairs_events_df.csv,2914.0,,2914.0,2914.0,2914.0,1,2914.0,loop,,loop,,CP29,PsbS,pairs,51ASP,332ASP,51ASP-332ASP,2.914,120,B,120ASP,ASP,ASP,protein,protein
51,333,1018,2474,1457,2914.0,r,A,ASP,VAL,chain_r_chain_r_1_respairs_events_df.csv,1579.0,1887.975105768082,1579.0,244.0,2914.0,2,3158.0,loop,,loop,,CP29,PsbS,pairs,51ASP,333VAL,51ASP-333VAL,2.914,121,B,121VAL,ASP,hydrophobic,protein,protein
51,334,1118,2474,1357,2714.0,r,A,ASP,ARG,chain_r_chain_r_1_respairs_events_df.csv,1044.0,1447.907455606193,278.0,140.0,2714.0,3,3132.0,loop,,loop,,CP29,PsbS,pairs,51ASP,334ARG,51ASP-334ARG,2.714,122,B,122ARG,ASP,basic,protein,protein
51,335,1001,1075,75,150.0,r,A,ASP,SER,chain_r_chain_r_1_respairs_events_df.csv,1426.0,1804.5365055880693,1426.0,150.0,2702.0,2,2852.0,loop,,loop,,CP29,PsbS,pairs,51ASP,335SER,51ASP-335SER,0.15,123,B,123SER,ASP,polar,protein,protein
51,335,1124,2474,1351,2702.0,r,A,ASP,SER,chain_r_chain_r_1_respairs_events_df.csv,1426.0,1804.5365055880693,1426.0,150.0,2702.0,2,2852.0,loop,,loop,,CP29,PsbS,pairs,51ASP,335SER,51ASP-335SER,2.702,123,B,123SER,ASP,polar,protein,protein
51,336,1281,1371,91,182.0,r,A,ASP,ALA,chain_r_chain_r_1_respairs_events_df.csv,137.5,30.7408522978788,126.0,116.0,182.0,4,550.0,loop,,loop,,CP29,PsbS,pairs,51ASP,336ALA,51ASP-336ALA,0.182,124,B,124ALA,ASP,hydrophobic,protein,protein
51,336,1730,1796,67,134.0,r,A,ASP,ALA,chain_r_chain_r_1_respairs_events_df.csv,137.5,30.7408522978788,126.0,116.0,182.0,4,550.0,loop,,loop,,CP29,PsbS,pairs,51ASP,336ALA,51ASP-336ALA,0.134,124,B,124ALA,ASP,hydrophobic,protein,protein
51,336,2231,2288,58,116.0,r,A,ASP,ALA,chain_r_chain_r_1_respairs_events_df.csv,137.5,30.7408522978788,126.0,116.0,182.0,4,550.0,loop,,loop,,CP29,PsbS,pairs,51ASP,336ALA,51ASP-336ALA,0.116,124,B,124ALA,ASP,hydrophobic,protein,protein
51,336,2321,2379,59,118.0,r,A,ASP,ALA,chain_r_chain_r_1_respairs_events_df.csv,137.5,30.7408522978788,126.0,116.0,182.0,4,550.0,loop,,loop,,CP29,PsbS,pairs,51ASP,336ALA,51ASP-336ALA,0.118,124,B,124ALA,ASP,hydrophobic,protein,protein
51,337,2150,2203,54,108.0,r,A,ASP,LEU,chain_r_chain_r_1_respairs_events_df.csv,108.0,,108.0,108.0,108.0,1,108.0,loop,,loop,,CP29,PsbS,pairs,51ASP,337LEU,51ASP-337LEU,0.108,125,B,125LEU,ASP,hydrophobic,protein,protein
51,338,1173,1227,55,110.0,r,A,ASP,GLY,chain_r_chain_r_1_respairs_events_df.csv,298.85714285714283,191.57194346722463,266.0,110.0,676.0,7,2092.0,loop,,loop,,CP29,PsbS,pairs,51ASP,338GLY,51ASP-338GLY,0.11,126,B,126GLY,ASP,special,protein,protein
51,338,1254,1386,133,266.0,r,A,ASP,GLY,chain_r_chain_r_1_respairs_events_df.csv,298.85714285714283,191.57194346722463,266.0,110.0,676.0,7,2092.0,loop,,loop,,CP29,PsbS,pairs,51ASP,338GLY,51ASP-338GLY,0.266,126,B,126GLY,ASP,special,protein,protein
51,338,1429,1560,132,264.0,r,A,ASP,GLY,chain_r_chain_r_1_respairs_events_df.csv,298.85714285714283,191.57194346722463,266.0,110.0,676.0,7,2092.0,loop,,loop,,CP29,PsbS,pairs,51ASP,338GLY,51ASP-338GLY,0.264,126,B,126GLY,ASP,special,protein,protein
51,338,1598,1782,185,370.0,r,A,ASP,GLY,chain_r_chain_r_1_respairs_events_df.csv,298.85714285714283,191.57194346722463,266.0,110.0,676.0,7,2092.0,loop,,loop,,CP29,PsbS,pairs,51ASP,338GLY,51ASP-338GLY,0.37,126,B,126GLY,ASP,special,protein,protein
51,338,1904,1959,56,112.0,r,A,ASP,GLY,chain_r_chain_r_1_respairs_events_df.csv,298.85714285714283,191.57194346722463,266.0,110.0,676.0,7,2092.0,loop,,loop,,CP29,PsbS,pairs,51ASP,338GLY,51ASP-338GLY,0.112,126,B,126GLY,ASP,special,protein,protein
51,338,1982,2319,338,676.0,r,A,ASP,GLY,chain_r_chain_r_1_respairs_events_df.csv,298.85714285714283,191.57194346722463,266.0,110.0,676.0,7,2092.0,loop,,loop,,CP29,PsbS,pairs,51ASP,338GLY,51ASP-338GLY,0.676,126,B,126GLY,ASP,special,protein,protein
51,338,2328,2474,147,294.0,r,A,ASP,GLY,chain_r_chain_r_1_respairs_events_df.csv,298.85714285714283,191.57194346722463,266.0,110.0,676.0,7,2092.0,loop,,loop,,CP29,PsbS,pairs,51ASP,338GLY,51ASP-338GLY,0.294,126,B,126GLY,ASP,special,protein,protein
51,339,1017,1809,793,1586.0,r,A,ASP,LEU,chain_r_chain_r_1_respairs_events_df.csv,578.8,602.8741162133268,296.0,158.0,1586.0,5,2894.0,loop,,loop,,CP29,PsbS,pairs,51ASP,339LEU,51ASP-339LEU,1.586,127,B,127LEU,ASP,hydrophobic,protein,protein
51,339,1812,1890,79,158.0,r,A,ASP,LEU,chain_r_chain_r_1_respairs_events_df.csv,578.8,602.8741162133268,296.0,158.0,1586.0,5,2894.0,loop,,loop,,CP29,PsbS,pairs,51ASP,339LEU,51ASP-339LEU,0.158,127,B,127LEU,ASP,hydrophobic,protein,protein
51,339,1892,1974,83,166.0,r,A,ASP,LEU,chain_r_chain_r_1_respairs_events_df.csv,578.8,602.8741162133268,296.0,158.0,1586.0,5,2894.0,loop,,loop,,CP29,PsbS,pairs,51ASP,339LEU,51ASP-339LEU,0.166,127,B,127LEU,ASP,hydrophobic,protein,protein
51,339,1979,2322,344,688.0,r,A,ASP,LEU,chain_r_chain_r_1_respairs_events_df.csv,578.8,602.8741162133268,296.0,158.0,1586.0,5,2894.0,loop,,loop,,CP29,PsbS,pairs,51ASP,339LEU,51ASP-339LEU,0.688,127,B,127LEU,ASP,hydrophobic,protein,protein
51,339,2327,2474,148,296.0,r,A,ASP,LEU,chain_r_chain_r_1_respairs_events_df.csv,578.8,602.8741162133268,296.0,158.0,1586.0,5,2894.0,loop,,loop,,CP29,PsbS,pairs,51ASP,339LEU,51ASP-339LEU,0.296,127,B,127LEU,ASP,hydrophobic,protein,protein
51,340,1017,1126,110,220.0,r,A,ASP,LYS,chain_r_chain_r_1_respairs_events_df.csv,317.75,224.78545326599763,253.0,120.0,790.0,8,2542.0,loop,,loop,,CP29,PsbS,pairs,51ASP,340LYS,51ASP-340LYS,0.22,128,B,128LYS,ASP,basic,protein,protein
51,340,1147,1386,240,480.0,r,A,ASP,LYS,chain_r_chain_r_1_respairs_events_df.csv,317.75,224.78545326599763,253.0,120.0,790.0,8,2542.0,loop,,loop,,CP29,PsbS,pairs,51ASP,340LYS,51ASP-340LYS,0.48,128,B,128LYS,ASP,basic,protein,protein
51,340,1388,1782,395,790.0,r,A,ASP,LYS,chain_r_chain_r_1_respairs_events_df.csv,317.75,224.78545326599763,253.0,120.0,790.0,8,2542.0,loop,,loop,,CP29,PsbS,pairs,51ASP,340LYS,51ASP-340LYS,0.79,128,B,128LYS,ASP,basic,protein,protein
51,340,1904,1971,68,136.0,r,A,ASP,LYS,chain_r_chain_r_1_respairs_events_df.csv,317.75,224.78545326599763,253.0,120.0,790.0,8,2542.0,loop,,loop,,CP29,PsbS,pairs,51ASP,340LYS,51ASP-340LYS,0.136,128,B,128LYS,ASP,basic,protein,protein
51,340,1990,2158,169,338.0,r,A,ASP,LYS,chain_r_chain_r_1_respairs_events_df.csv,317.75,224.78545326599763,253.0,120.0,790.0,8,2542.0,loop,,loop,,CP29,PsbS,pairs,51ASP,340LYS,51ASP-340LYS,0.338,128,B,128LYS,ASP,basic,protein,protein
51,340,2177,2319,143,286.0,r,A,ASP,LYS,chain_r_chain_r_1_respairs_events_df.csv,317.75,224.78545326599763,253.0,120.0,790.0,8,2542.0,loop,,loop,,CP29,PsbS,pairs,51ASP,340LYS,51ASP-340LYS,0.286,128,B,128LYS,ASP,basic,protein,protein
51,340,2328,2413,86,172.0,r,A,ASP,LYS,chain_r_chain_r_1_respairs_events_df.csv,317.75,224.78545326599763,253.0,120.0,790.0,8,2542.0,loop,,loop,,CP29,PsbS,pairs,51ASP,340LYS,51ASP-340LYS,0.172,128,B,128LYS,ASP,basic,protein,protein
51,340,2415,2474,60,120.0,r,A,ASP,LYS,chain_r_chain_r_1_respairs_events_df.csv,317.75,224.78545326599763,253.0,120.0,790.0,8,2542.0,loop,,loop,,CP29,PsbS,pairs,51ASP,340LYS,51ASP-340LYS,0.12,128,B,128LYS,ASP,basic,protein,protein
51,342,2083,2176,94,188.0,r,A,ASP,LYS,chain_r_chain_r_1_respairs_events_df.csv,202.0,72.02777242147643,188.0,138.0,280.0,3,606.0,loop,,loop,,CP29,PsbS,pairs,51ASP,342LYS,51ASP-342LYS,0.188,130,B,130LYS,ASP,basic,protein,protein
51,342,2180,2319,140,280.0,r,A,ASP,LYS,chain_r_chain_r_1_respairs_events_df.csv,202.0,72.02777242147643,188.0,138.0,280.0,3,606.0,loop,,loop,,CP29,PsbS,pairs,51ASP,342LYS,51ASP-342LYS,0.28,130,B,130LYS,ASP,basic,protein,protein
51,342,2327,2395,69,138.0,r,A,ASP,LYS,chain_r_chain_r_1_respairs_events_df.csv,202.0,72.02777242147643,188.0,138.0,280.0,3,606.0,loop,,loop,,CP29,PsbS,pairs,51ASP,342LYS,51ASP-342LYS,0.138,130,B,130LYS,ASP,basic,protein,protein
52,10,2063,2143,81,162.0,r,A,SER,LYS,chain_r_chain_r_1_respairs_events_df.csv,162.0,,162.0,162.0,162.0,1,162.0,loop,,loop,,CP29,PsbS,pairs,52SER,10LYS,52SER-10LYS,0.162,10,A,10LYS,polar,basic,protein,protein
52,332,1040,1133,94,188.0,r,A,SER,ASP,chain_r_chain_r_1_respairs_events_df.csv,204.5,103.400515794974,181.0,106.0,350.0,4,818.0,loop,,loop,,CP29,PsbS,pairs,52SER,332ASP,52SER-332ASP,0.188,120,B,120ASP,polar,ASP,protein,protein
52,332,1148,1234,87,174.0,r,A,SER,ASP,chain_r_chain_r_1_respairs_events_df.csv,204.5,103.400515794974,181.0,106.0,350.0,4,818.0,loop,,loop,,CP29,PsbS,pairs,52SER,332ASP,52SER-332ASP,0.174,120,B,120ASP,polar,ASP,protein,protein
52,332,1246,1420,175,350.0,r,A,SER,ASP,chain_r_chain_r_1_respairs_events_df.csv,204.5,103.400515794974,181.0,106.0,350.0,4,818.0,loop,,loop,,CP29,PsbS,pairs,52SER,332ASP,52SER-332ASP,0.35,120,B,120ASP,polar,ASP,protein,protein
52,333,1019,1593,575,1150.0,r,A,SER,VAL,chain_r_chain_r_1_respairs_events_df.csv,635.2,348.1022838189948,614.0,270.0,1150.0,5,3176.0,loop,,loop,,CP29,PsbS,pairs,52SER,333VAL,52SER-333VAL,1.15,121,B,121VAL,polar,hydrophobic,protein,protein
52,333,1595,1978,384,768.0,r,A,SER,VAL,chain_r_chain_r_1_respairs_events_df.csv,635.2,348.1022838189948,614.0,270.0,1150.0,5,3176.0,loop,,loop,,CP29,PsbS,pairs,52SER,333VAL,52SER-333VAL,0.768,121,B,121VAL,polar,hydrophobic,protein,protein
52,333,1980,2166,187,374.0,r,A,SER,VAL,chain_r_chain_r_1_respairs_events_df.csv,635.2,348.1022838189948,614.0,270.0,1150.0,5,3176.0,loop,,loop,,CP29,PsbS,pairs,52SER,333VAL,52SER-333VAL,0.374,121,B,121VAL,polar,hydrophobic,protein,protein
52,333,2168,2474,307,614.0,r,A,SER,VAL,chain_r_chain_r_1_respairs_events_df.csv,635.2,348.1022838189948,614.0,270.0,1150.0,5,3176.0,loop,,loop,,CP29,PsbS,pairs,52SER,333VAL,52SER-333VAL,0.614,121,B,121VAL,polar,hydrophobic,protein,protein
52,334,1017,1079,63,126.0,r,A,SER,ARG,chain_r_chain_r_1_respairs_events_df.csv,520.0,569.4010888644312,233.0,126.0,1550.0,6,3120.0,loop,,loop,,CP29,PsbS,pairs,52SER,334ARG,52SER-334ARG,0.126,122,B,122ARG,polar,basic,protein,protein
52,334,1131,1905,775,1550.0,r,A,SER,ARG,chain_r_chain_r_1_respairs_events_df.csv,520.0,569.4010888644312,233.0,126.0,1550.0,6,3120.0,loop,,loop,,CP29,PsbS,pairs,52SER,334ARG,52SER-334ARG,1.55,122,B,122ARG,polar,basic,protein,protein
52,334,1935,2056,122,244.0,r,A,SER,ARG,chain_r_chain_r_1_respairs_events_df.csv,520.0,569.4010888644312,233.0,126.0,1550.0,6,3120.0,loop,,loop,,CP29,PsbS,pairs,52SER,334ARG,52SER-334ARG,0.244,122,B,122ARG,polar,basic,protein,protein
52,334,2058,2474,417,834.0,r,A,SER,ARG,chain_r_chain_r_1_respairs_events_df.csv,520.0,569.4010888644312,233.0,126.0,1550.0,6,3120.0,loop,,loop,,CP29,PsbS,pairs,52SER,334ARG,52SER-334ARG,0.834,122,B,122ARG,polar,basic,protein,protein
52,335,1176,1408,233,466.0,r,A,SER,SER,chain_r_chain_r_1_respairs_events_df.csv,230.8571428571429,133.0406311012148,178.0,108.0,466.0,7,1616.0,loop,,loop,,CP29,PsbS,pairs,52SER,335SER,52SER-335SER,0.466,123,B,123SER,polar,polar,protein,protein
52,335,1451,1539,89,178.0,r,A,SER,SER,chain_r_chain_r_1_respairs_events_df.csv,230.8571428571429,133.0406311012148,178.0,108.0,466.0,7,1616.0,loop,,loop,,CP29,PsbS,pairs,52SER,335SER,52SER-335SER,0.178,123,B,123SER,polar,polar,protein,protein
52,335,1630,1683,54,108.0,r,A,SER,SER,chain_r_chain_r_1_respairs_events_df.csv,230.8571428571429,133.0406311012148,178.0,108.0,466.0,7,1616.0,loop,,loop,,CP29,PsbS,pairs,52SER,335SER,52SER-335SER,0.108,123,B,123SER,polar,polar,protein,protein
52,335,1690,1752,63,126.0,r,A,SER,SER,chain_r_chain_r_1_respairs_events_df.csv,230.8571428571429,133.0406311012148,178.0,108.0,466.0,7,1616.0,loop,,loop,,CP29,PsbS,pairs,52SER,335SER,52SER-335SER,0.126,123,B,123SER,polar,polar,protein,protein
52,335,1826,1890,65,130.0,r,A,SER,SER,chain_r_chain_r_1_respairs_events_df.csv,230.8571428571429,133.0406311012148,178.0,108.0,466.0,7,1616.0,loop,,loop,,CP29,PsbS,pairs,52SER,335SER,52SER-335SER,0.13,123,B,123SER,polar,polar,protein,protein
52,335,1892,2055,164,328.0,r,A,SER,SER,chain_r_chain_r_1_respairs_events_df.csv,230.8571428571429,133.0406311012148,178.0,108.0,466.0,7,1616.0,loop,,loop,,CP29,PsbS,pairs,52SER,335SER,52SER-335SER,0.328,123,B,123SER,polar,polar,protein,protein
52,335,2335,2474,140,280.0,r,A,SER,SER,chain_r_chain_r_1_respairs_events_df.csv,230.8571428571429,133.0406311012148,178.0,108.0,466.0,7,1616.0,loop,,loop,,CP29,PsbS,pairs,52SER,335SER,52SER-335SER,0.28,123,B,123SER,polar,polar,protein,protein
52,336,1429,1539,111,222.0,r,A,SER,ALA,chain_r_chain_r_1_respairs_events_df.csv,189.2,54.6735767990352,156.0,146.0,270.0,5,946.0,loop,,loop,,CP29,PsbS,pairs,52SER,336ALA,52SER-336ALA,0.222,124,B,124ALA,polar,hydrophobic,protein,protein
52,336,1608,1683,76,152.0,r,A,SER,ALA,chain_r_chain_r_1_respairs_events_df.csv,189.2,54.6735767990352,156.0,146.0,270.0,5,946.0,loop,,loop,,CP29,PsbS,pairs,52SER,336ALA,52SER-336ALA,0.152,124,B,124ALA,polar,hydrophobic,protein,protein
52,336,1988,2060,73,146.0,r,A,SER,ALA,chain_r_chain_r_1_respairs_events_df.csv,189.2,54.6735767990352,156.0,146.0,270.0,5,946.0,loop,,loop,,CP29,PsbS,pairs,52SER,336ALA,52SER-336ALA,0.146,124,B,124ALA,polar,hydrophobic,protein,protein
52,336,2240,2317,78,156.0,r,A,SER,ALA,chain_r_chain_r_1_respairs_events_df.csv,189.2,54.6735767990352,156.0,146.0,270.0,5,946.0,loop,,loop,,CP29,PsbS,pairs,52SER,336ALA,52SER-336ALA,0.156,124,B,124ALA,polar,hydrophobic,protein,protein
52,336,2340,2474,135,270.0,r,A,SER,ALA,chain_r_chain_r_1_respairs_events_df.csv,189.2,54.6735767990352,156.0,146.0,270.0,5,946.0,loop,,loop,,CP29,PsbS,pairs,52SER,336ALA,52SER-336ALA,0.27,124,B,124ALA,polar,hydrophobic,protein,protein
53,333,1040,1127,88,176.0,r,A,LEU,VAL,chain_r_chain_r_1_respairs_events_df.csv,379.7142857142857,199.96809269290463,296.0,176.0,726.0,7,2658.0,loop,,loop,,CP29,PsbS,pairs,53LEU,333VAL,53LEU-333VAL,0.176,121,B,121VAL,hydrophobic,hydrophobic,protein,protein
53,333,1148,1510,363,726.0,r,A,LEU,VAL,chain_r_chain_r_1_respairs_events_df.csv,379.7142857142857,199.96809269290463,296.0,176.0,726.0,7,2658.0,loop,,loop,,CP29,PsbS,pairs,53LEU,333VAL,53LEU-333VAL,0.726,121,B,121VAL,hydrophobic,hydrophobic,protein,protein
53,333,1613,1885,273,546.0,r,A,LEU,VAL,chain_r_chain_r_1_respairs_events_df.csv,379.7142857142857,199.96809269290463,296.0,176.0,726.0,7,2658.0,loop,,loop,,CP29,PsbS,pairs,53LEU,333VAL,53LEU-333VAL,0.546,121,B,121VAL,hydrophobic,hydrophobic,protein,protein
53,333,2027,2139,113,226.0,r,A,LEU,VAL,chain_r_chain_r_1_respairs_events_df.csv,379.7142857142857,199.96809269290463,296.0,176.0,726.0,7,2658.0,loop,,loop,,CP29,PsbS,pairs,53LEU,333VAL,53LEU-333VAL,0.226,121,B,121VAL,hydrophobic,hydrophobic,protein,protein
53,333,2201,2325,125,250.0,r,A,LEU,VAL,chain_r_chain_r_1_respairs_events_df.csv,379.7142857142857,199.96809269290463,296.0,176.0,726.0,7,2658.0,loop,,loop,,CP29,PsbS,pairs,53LEU,333VAL,53LEU-333VAL,0.25,121,B,121VAL,hydrophobic,hydrophobic,protein,protein
53,333,2327,2474,148,296.0,r,A,LEU,VAL,chain_r_chain_r_1_respairs_events_df.csv,379.7142857142857,199.96809269290463,296.0,176.0,726.0,7,2658.0,loop,,loop,,CP29,PsbS,pairs,53LEU,333VAL,53LEU-333VAL,0.296,121,B,121VAL,hydrophobic,hydrophobic,protein,protein
53,334,1011,1110,100,200.0,r,A,LEU,ARG,chain_r_chain_r_1_respairs_events_df.csv,403.1428571428572,261.6762812913624,468.0,108.0,816.0,7,2822.0,loop,,loop,,CP29,PsbS,pairs,53LEU,334ARG,53LEU-334ARG,0.2,122,B,122ARG,hydrophobic,basic,protein,protein
53,334,1141,1548,408,816.0,r,A,LEU,ARG,chain_r_chain_r_1_respairs_events_df.csv,403.1428571428572,261.6762812913624,468.0,108.0,816.0,7,2822.0,loop,,loop,,CP29,PsbS,pairs,53LEU,334ARG,53LEU-334ARG,0.816,122,B,122ARG,hydrophobic,basic,protein,protein
53,334,1550,1603,54,108.0,r,A,LEU,ARG,chain_r_chain_r_1_respairs_events_df.csv,403.1428571428572,261.6762812913624,468.0,108.0,816.0,7,2822.0,loop,,loop,,CP29,PsbS,pairs,53LEU,334ARG,53LEU-334ARG,0.108,122,B,122ARG,hydrophobic,basic,protein,protein
53,334,1605,1902,298,596.0,r,A,LEU,ARG,chain_r_chain_r_1_respairs_events_df.csv,403.1428571428572,261.6762812913624,468.0,108.0,816.0,7,2822.0,loop,,loop,,CP29,PsbS,pairs,53LEU,334ARG,53LEU-334ARG,0.596,122,B,122ARG,hydrophobic,basic,protein,protein
53,334,1980,2221,242,484.0,r,A,LEU,ARG,chain_r_chain_r_1_respairs_events_df.csv,403.1428571428572,261.6762812913624,468.0,108.0,816.0,7,2822.0,loop,,loop,,CP29,PsbS,pairs,53LEU,334ARG,53LEU-334ARG,0.484,122,B,122ARG,hydrophobic,basic,protein,protein
53,334,2241,2474,234,468.0,r,A,LEU,ARG,chain_r_chain_r_1_respairs_events_df.csv,403.1428571428572,261.6762812913624,468.0,108.0,816.0,7,2822.0,loop,,loop,,CP29,PsbS,pairs,53LEU,334ARG,53LEU-334ARG,0.468,122,B,122ARG,hydrophobic,basic,protein,protein
53,335,2132,2200,69,138.0,r,A,LEU,SER,chain_r_chain_r_1_respairs_events_df.csv,138.0,,138.0,138.0,138.0,1,138.0,loop,,loop,,CP29,PsbS,pairs,53LEU,335SER,53LEU-335SER,0.138,123,B,123SER,hydrophobic,polar,protein,protein
53,336,2148,2201,54,108.0,r,A,LEU,ALA,chain_r_chain_r_1_respairs_events_df.csv,108.0,,108.0,108.0,108.0,1,108.0,loop,,loop,,CP29,PsbS,pairs,53LEU,336ALA,53LEU-336ALA,0.108,124,B,124ALA,hydrophobic,hydrophobic,protein,protein
54,334,1271,1356,86,172.0,r,A,ASP,ARG,chain_r_chain_r_1_respairs_events_df.csv,185.66666666666663,60.70804449713948,185.0,116.0,286.0,6,1114.0,loop,,loop,,CP29,PsbS,pairs,54ASP,334ARG,54ASP-334ARG,0.172,122,B,122ARG,ASP,basic,protein,protein
54,334,1411,1509,99,198.0,r,A,ASP,ARG,chain_r_chain_r_1_respairs_events_df.csv,185.66666666666663,60.70804449713948,185.0,116.0,286.0,6,1114.0,loop,,loop,,CP29,PsbS,pairs,54ASP,334ARG,54ASP-334ARG,0.198,122,B,122ARG,ASP,basic,protein,protein
54,334,1614,1671,58,116.0,r,A,ASP,ARG,chain_r_chain_r_1_respairs_events_df.csv,185.66666666666663,60.70804449713948,185.0,116.0,286.0,6,1114.0,loop,,loop,,CP29,PsbS,pairs,54ASP,334ARG,54ASP-334ARG,0.116,122,B,122ARG,ASP,basic,protein,protein
54,334,1673,1739,67,134.0,r,A,ASP,ARG,chain_r_chain_r_1_respairs_events_df.csv,185.66666666666663,60.70804449713948,185.0,116.0,286.0,6,1114.0,loop,,loop,,CP29,PsbS,pairs,54ASP,334ARG,54ASP-334ARG,0.134,122,B,122ARG,ASP,basic,protein,protein
54,334,1741,1883,143,286.0,r,A,ASP,ARG,chain_r_chain_r_1_respairs_events_df.csv,185.66666666666663,60.70804449713948,185.0,116.0,286.0,6,1114.0,loop,,loop,,CP29,PsbS,pairs,54ASP,334ARG,54ASP-334ARG,0.286,122,B,122ARG,ASP,basic,protein,protein
54,334,2336,2439,104,208.0,r,A,ASP,ARG,chain_r_chain_r_1_respairs_events_df.csv,185.66666666666663,60.70804449713948,185.0,116.0,286.0,6,1114.0,loop,,loop,,CP29,PsbS,pairs,54ASP,334ARG,54ASP-334ARG,0.208,122,B,122ARG,ASP,basic,protein,protein
60,10,2080,2139,60,120.0,r,A,ASN,LYS,chain_r_chain_r_1_respairs_events_df.csv,120.0,,120.0,120.0,120.0,1,120.0,loop,,loop,,CP29,PsbS,pairs,60ASN,10LYS,60ASN-10LYS,0.12,10,A,10LYS,polar,basic,protein,protein
61,8,2190,2274,85,170.0,r,A,LEU,ALA,chain_r_chain_r_1_respairs_events_df.csv,170.0,,170.0,170.0,170.0,1,170.0,loop,,loop,,CP29,PsbS,pairs,61LEU,8ALA,61LEU-8ALA,0.17,8,A,8ALA,hydrophobic,hydrophobic,protein,protein
61,10,2063,2114,52,104.0,r,A,LEU,LYS,chain_r_chain_r_1_respairs_events_df.csv,104.0,,104.0,104.0,104.0,1,104.0,loop,,loop,,CP29,PsbS,pairs,61LEU,10LYS,61LEU-10LYS,0.104,10,A,10LYS,hydrophobic,basic,protein,protein
61,335,1185,1242,58,116.0,r,A,LEU,SER,chain_r_chain_r_1_respairs_events_df.csv,192.66666666666663,114.26868920808242,138.0,116.0,324.0,3,578.0,loop,,loop,,CP29,PsbS,pairs,61LEU,335SER,61LEU-335SER,0.116,123,B,123SER,hydrophobic,polar,protein,protein
61,335,1247,1408,162,324.0,r,A,LEU,SER,chain_r_chain_r_1_respairs_events_df.csv,192.66666666666663,114.26868920808242,138.0,116.0,324.0,3,578.0,loop,,loop,,CP29,PsbS,pairs,61LEU,335SER,61LEU-335SER,0.324,123,B,123SER,hydrophobic,polar,protein,protein
61,335,1837,1905,69,138.0,r,A,LEU,SER,chain_r_chain_r_1_respairs_events_df.csv,192.66666666666663,114.26868920808242,138.0,116.0,324.0,3,578.0,loop,,loop,,CP29,PsbS,pairs,61LEU,335SER,61LEU-335SER,0.138,123,B,123SER,hydrophobic,polar,protein,protein
61,336,1144,1279,136,272.0,r,A,LEU,ALA,chain_r_chain_r_1_respairs_events_df.csv,171.5,68.1248853210044,145.0,124.0,272.0,4,686.0,loop,,loop,,CP29,PsbS,pairs,61LEU,336ALA,61LEU-336ALA,0.272,124,B,124ALA,hydrophobic,hydrophobic,protein,protein
61,336,1281,1348,68,136.0,r,A,LEU,ALA,chain_r_chain_r_1_respairs_events_df.csv,171.5,68.1248853210044,145.0,124.0,272.0,4,686.0,loop,,loop,,CP29,PsbS,pairs,61LEU,336ALA,61LEU-336ALA,0.136,124,B,124ALA,hydrophobic,hydrophobic,protein,protein
61,336,1735,1796,62,124.0,r,A,LEU,ALA,chain_r_chain_r_1_respairs_events_df.csv,171.5,68.1248853210044,145.0,124.0,272.0,4,686.0,loop,,loop,,CP29,PsbS,pairs,61LEU,336ALA,61LEU-336ALA,0.124,124,B,124ALA,hydrophobic,hydrophobic,protein,protein
61,336,1829,1905,77,154.0,r,A,LEU,ALA,chain_r_chain_r_1_respairs_events_df.csv,171.5,68.1248853210044,145.0,124.0,272.0,4,686.0,loop,,loop,,CP29,PsbS,pairs,61LEU,336ALA,61LEU-336ALA,0.154,124,B,124ALA,hydrophobic,hydrophobic,protein,protein
61,337,1172,1279,108,216.0,r,A,LEU,LEU,chain_r_chain_r_1_respairs_events_df.csv,141.6,47.06166167912051,116.0,102.0,216.0,5,708.0,loop,,loop,,CP29,PsbS,pairs,61LEU,337LEU,61LEU-337LEU,0.216,125,B,125LEU,hydrophobic,hydrophobic,protein,protein
61,337,1285,1364,80,160.0,r,A,LEU,LEU,chain_r_chain_r_1_respairs_events_df.csv,141.6,47.06166167912051,116.0,102.0,216.0,5,708.0,loop,,loop,,CP29,PsbS,pairs,61LEU,337LEU,61LEU-337LEU,0.16,125,B,125LEU,hydrophobic,hydrophobic,protein,protein
61,337,1366,1416,51,102.0,r,A,LEU,LEU,chain_r_chain_r_1_respairs_events_df.csv,141.6,47.06166167912051,116.0,102.0,216.0,5,708.0,loop,,loop,,CP29,PsbS,pairs,61LEU,337LEU,61LEU-337LEU,0.102,125,B,125LEU,hydrophobic,hydrophobic,protein,protein
61,337,1524,1581,58,116.0,r,A,LEU,LEU,chain_r_chain_r_1_respairs_events_df.csv,141.6,47.06166167912051,116.0,102.0,216.0,5,708.0,loop,,loop,,CP29,PsbS,pairs,61LEU,337LEU,61LEU-337LEU,0.116,125,B,125LEU,hydrophobic,hydrophobic,protein,protein
61,337,1834,1890,57,114.0,r,A,LEU,LEU,chain_r_chain_r_1_respairs_events_df.csv,141.6,47.06166167912051,116.0,102.0,216.0,5,708.0,loop,,loop,,CP29,PsbS,pairs,61LEU,337LEU,61LEU-337LEU,0.114,125,B,125LEU,hydrophobic,hydrophobic,protein,protein
61,339,1529,1578,50,100.0,r,A,LEU,LEU,chain_r_chain_r_1_respairs_events_df.csv,100.0,,100.0,100.0,100.0,1,100.0,loop,,loop,,CP29,PsbS,pairs,61LEU,339LEU,61LEU-339LEU,0.1,127,B,127LEU,hydrophobic,hydrophobic,protein,protein
62,8,2189,2280,92,184.0,r,A,ALA,ALA,chain_r_chain_r_1_respairs_events_df.csv,184.0,,184.0,184.0,184.0,1,184.0,loop,,loop,,CP29,PsbS,pairs,62ALA,8ALA,62ALA-8ALA,0.184,8,A,8ALA,hydrophobic,hydrophobic,protein,protein
62,9,2190,2280,91,182.0,r,A,ALA,PRO,chain_r_chain_r_1_respairs_events_df.csv,182.0,,182.0,182.0,182.0,1,182.0,loop,,loop,,CP29,PsbS,pairs,62ALA,9PRO,62ALA-9PRO,0.182,9,A,9PRO,hydrophobic,special,protein,protein
62,10,2056,2280,225,450.0,r,A,ALA,LYS,chain_r_chain_r_1_respairs_events_df.csv,450.0,,450.0,450.0,450.0,1,450.0,loop,,loop,,CP29,PsbS,pairs,62ALA,10LYS,62ALA-10LYS,0.45,10,A,10LYS,hydrophobic,basic,protein,protein
62,11,2060,2116,57,114.0,r,A,ALA,LYS,chain_r_chain_r_1_respairs_events_df.csv,114.0,,114.0,114.0,114.0,1,114.0,loop,,loop,,CP29,PsbS,pairs,62ALA,11LYS,62ALA-11LYS,0.114,11,A,11LYS,hydrophobic,basic,protein,protein
62,334,703,758,56,112.0,r,A,ALA,ARG,chain_r_chain_r_1_respairs_events_df.csv,112.0,,112.0,112.0,112.0,1,112.0,loop,,loop,,CP29,PsbS,pairs,62ALA,334ARG,62ALA-334ARG,0.112,122,B,122ARG,hydrophobic,basic,protein,protein
62,335,1189,1242,54,108.0,r,A,ALA,SER,chain_r_chain_r_1_respairs_events_df.csv,189.3333333333333,125.60785538067806,126.0,108.0,334.0,3,568.0,loop,,loop,,CP29,PsbS,pairs,62ALA,335SER,62ALA-335SER,0.108,123,B,123SER,hydrophobic,polar,protein,protein
62,335,1246,1412,167,334.0,r,A,ALA,SER,chain_r_chain_r_1_respairs_events_df.csv,189.3333333333333,125.60785538067806,126.0,108.0,334.0,3,568.0,loop,,loop,,CP29,PsbS,pairs,62ALA,335SER,62ALA-335SER,0.334,123,B,123SER,hydrophobic,polar,protein,protein
62,335,1735,1797,63,126.0,r,A,ALA,SER,chain_r_chain_r_1_respairs_events_df.csv,189.3333333333333,125.60785538067806,126.0,108.0,334.0,3,568.0,loop,,loop,,CP29,PsbS,pairs,62ALA,335SER,62ALA-335SER,0.126,123,B,123SER,hydrophobic,polar,protein,protein
62,336,1251,1348,98,196.0,r,A,ALA,ALA,chain_r_chain_r_1_respairs_events_df.csv,196.0,,196.0,196.0,196.0,1,196.0,loop,,loop,,CP29,PsbS,pairs,62ALA,336ALA,62ALA-336ALA,0.196,124,B,124ALA,hydrophobic,hydrophobic,protein,protein
62,337,1135,1348,214,428.0,r,A,ALA,LEU,chain_r_chain_r_1_respairs_events_df.csv,219.0,125.59799816421098,150.0,124.0,428.0,8,1752.0,loop,,loop,,CP29,PsbS,pairs,62ALA,337LEU,62ALA-337LEU,0.428,125,B,125LEU,hydrophobic,hydrophobic,protein,protein
62,337,1350,1416,67,134.0,r,A,ALA,LEU,chain_r_chain_r_1_respairs_events_df.csv,219.0,125.59799816421098,150.0,124.0,428.0,8,1752.0,loop,,loop,,CP29,PsbS,pairs,62ALA,337LEU,62ALA-337LEU,0.134,125,B,125LEU,hydrophobic,hydrophobic,protein,protein
62,337,1418,1488,71,142.0,r,A,ALA,LEU,chain_r_chain_r_1_respairs_events_df.csv,219.0,125.59799816421098,150.0,124.0,428.0,8,1752.0,loop,,loop,,CP29,PsbS,pairs,62ALA,337LEU,62ALA-337LEU,0.142,125,B,125LEU,hydrophobic,hydrophobic,protein,protein
62,337,1610,1812,203,406.0,r,A,ALA,LEU,chain_r_chain_r_1_respairs_events_df.csv,219.0,125.59799816421098,150.0,124.0,428.0,8,1752.0,loop,,loop,,CP29,PsbS,pairs,62ALA,337LEU,62ALA-337LEU,0.406,125,B,125LEU,hydrophobic,hydrophobic,protein,protein
62,337,1814,1885,72,144.0,r,A,ALA,LEU,chain_r_chain_r_1_respairs_events_df.csv,219.0,125.59799816421098,150.0,124.0,428.0,8,1752.0,loop,,loop,,CP29,PsbS,pairs,62ALA,337LEU,62ALA-337LEU,0.144,125,B,125LEU,hydrophobic,hydrophobic,protein,protein
62,337,2177,2285,109,218.0,r,A,ALA,LEU,chain_r_chain_r_1_respairs_events_df.csv,219.0,125.59799816421098,150.0,124.0,428.0,8,1752.0,loop,,loop,,CP29,PsbS,pairs,62ALA,337LEU,62ALA-337LEU,0.218,125,B,125LEU,hydrophobic,hydrophobic,protein,protein
62,337,2322,2399,78,156.0,r,A,ALA,LEU,chain_r_chain_r_1_respairs_events_df.csv,219.0,125.59799816421098,150.0,124.0,428.0,8,1752.0,loop,,loop,,CP29,PsbS,pairs,62ALA,337LEU,62ALA-337LEU,0.156,125,B,125LEU,hydrophobic,hydrophobic,protein,protein
62,337,2401,2462,62,124.0,r,A,ALA,LEU,chain_r_chain_r_1_respairs_events_df.csv,219.0,125.59799816421098,150.0,124.0,428.0,8,1752.0,loop,,loop,,CP29,PsbS,pairs,62ALA,337LEU,62ALA-337LEU,0.124,125,B,125LEU,hydrophobic,hydrophobic,protein,protein
62,338,1158,1420,263,526.0,r,A,ALA,GLY,chain_r_chain_r_1_respairs_events_df.csv,252.66666666666663,237.12725135111177,130.0,102.0,526.0,3,758.0,loop,,loop,,CP29,PsbS,pairs,62ALA,338GLY,62ALA-338GLY,0.526,126,B,126GLY,hydrophobic,special,protein,protein
62,338,1734,1798,65,130.0,r,A,ALA,GLY,chain_r_chain_r_1_respairs_events_df.csv,252.66666666666663,237.12725135111177,130.0,102.0,526.0,3,758.0,loop,,loop,,CP29,PsbS,pairs,62ALA,338GLY,62ALA-338GLY,0.13,126,B,126GLY,hydrophobic,special,protein,protein
62,338,1835,1885,51,102.0,r,A,ALA,GLY,chain_r_chain_r_1_respairs_events_df.csv,252.66666666666663,237.12725135111177,130.0,102.0,526.0,3,758.0,loop,,loop,,CP29,PsbS,pairs,62ALA,338GLY,62ALA-338GLY,0.102,126,B,126GLY,hydrophobic,special,protein,protein
62,339,1025,1145,121,242.0,r,A,ALA,LEU,chain_r_chain_r_1_respairs_events_df.csv,295.25,245.898788703227,231.0,110.0,884.0,8,2362.0,loop,,loop,,CP29,PsbS,pairs,62ALA,339LEU,62ALA-339LEU,0.242,127,B,127LEU,hydrophobic,hydrophobic,protein,protein
62,339,1147,1588,442,884.0,r,A,ALA,LEU,chain_r_chain_r_1_respairs_events_df.csv,295.25,245.898788703227,231.0,110.0,884.0,8,2362.0,loop,,loop,,CP29,PsbS,pairs,62ALA,339LEU,62ALA-339LEU,0.884,127,B,127LEU,hydrophobic,hydrophobic,protein,protein
62,339,1610,1664,55,110.0,r,A,ALA,LEU,chain_r_chain_r_1_respairs_events_df.csv,295.25,245.898788703227,231.0,110.0,884.0,8,2362.0,loop,,loop,,CP29,PsbS,pairs,62ALA,339LEU,62ALA-339LEU,0.11,127,B,127LEU,hydrophobic,hydrophobic,protein,protein
62,339,1666,1810,145,290.0,r,A,ALA,LEU,chain_r_chain_r_1_respairs_events_df.csv,295.25,245.898788703227,231.0,110.0,884.0,8,2362.0,loop,,loop,,CP29,PsbS,pairs,62ALA,339LEU,62ALA-339LEU,0.29,127,B,127LEU,hydrophobic,hydrophobic,protein,protein
62,339,1824,1924,101,202.0,r,A,ALA,LEU,chain_r_chain_r_1_respairs_events_df.csv,295.25,245.898788703227,231.0,110.0,884.0,8,2362.0,loop,,loop,,CP29,PsbS,pairs,62ALA,339LEU,62ALA-339LEU,0.202,127,B,127LEU,hydrophobic,hydrophobic,protein,protein
62,339,1926,2063,138,276.0,r,A,ALA,LEU,chain_r_chain_r_1_respairs_events_df.csv,295.25,245.898788703227,231.0,110.0,884.0,8,2362.0,loop,,loop,,CP29,PsbS,pairs,62ALA,339LEU,62ALA-339LEU,0.276,127,B,127LEU,hydrophobic,hydrophobic,protein,protein
62,339,2190,2299,110,220.0,r,A,ALA,LEU,chain_r_chain_r_1_respairs_events_df.csv,295.25,245.898788703227,231.0,110.0,884.0,8,2362.0,loop,,loop,,CP29,PsbS,pairs,62ALA,339LEU,62ALA-339LEU,0.22,127,B,127LEU,hydrophobic,hydrophobic,protein,protein
62,339,2340,2408,69,138.0,r,A,ALA,LEU,chain_r_chain_r_1_respairs_events_df.csv,295.25,245.898788703227,231.0,110.0,884.0,8,2362.0,loop,,loop,,CP29,PsbS,pairs,62ALA,339LEU,62ALA-339LEU,0.138,127,B,127LEU,hydrophobic,hydrophobic,protein,protein
62,340,1185,1328,144,288.0,r,A,ALA,LYS,chain_r_chain_r_1_respairs_events_df.csv,200.0,124.45079348883236,200.0,112.0,288.0,2,400.0,loop,,loop,,CP29,PsbS,pairs,62ALA,340LYS,62ALA-340LYS,0.288,128,B,128LYS,hydrophobic,basic,protein,protein
62,340,1348,1403,56,112.0,r,A,ALA,LYS,chain_r_chain_r_1_respairs_events_df.csv,200.0,124.45079348883236,200.0,112.0,288.0,2,400.0,loop,,loop,,CP29,PsbS,pairs,62ALA,340LYS,62ALA-340LYS,0.112,128,B,128LYS,hydrophobic,basic,protein,protein
63,10,2063,2280,218,436.0,r,A,GLY,LYS,chain_r_chain_r_1_respairs_events_df.csv,436.0,,436.0,436.0,436.0,1,436.0,loop,,loop,,CP29,PsbS,pairs,63GLY,10LYS,63GLY-10LYS,0.436,10,A,10LYS,special,basic,protein,protein
63,11,2059,2143,85,170.0,r,A,GLY,LYS,chain_r_chain_r_1_respairs_events_df.csv,170.0,,170.0,170.0,170.0,1,170.0,loop,,loop,,CP29,PsbS,pairs,63GLY,11LYS,63GLY-11LYS,0.17,11,A,11LYS,special,basic,protein,protein
63,339,1245,1305,61,122.0,r,A,GLY,LEU,chain_r_chain_r_1_respairs_events_df.csv,122.0,,122.0,122.0,122.0,1,122.0,loop,,loop,,CP29,PsbS,pairs,63GLY,339LEU,63GLY-339LEU,0.122,127,B,127LEU,special,hydrophobic,protein,protein
63,340,1036,1110,75,150.0,r,A,GLY,LYS,chain_r_chain_r_1_respairs_events_df.csv,125.0,35.35533905932738,125.0,100.0,150.0,2,250.0,loop,,loop,,CP29,PsbS,pairs,63GLY,340LYS,63GLY-340LYS,0.15,128,B,128LYS,special,basic,protein,protein
63,340,1246,1295,50,100.0,r,A,GLY,LYS,chain_r_chain_r_1_respairs_events_df.csv,125.0,35.35533905932738,125.0,100.0,150.0,2,250.0,loop,,loop,,CP29,PsbS,pairs,63GLY,340LYS,63GLY-340LYS,0.1,128,B,128LYS,special,basic,protein,protein
64,10,1242,1295,54,108.0,r,A,ASP,LYS,chain_r_chain_r_1_respairs_events_df.csv,198.0,127.27922061357856,198.0,108.0,288.0,2,396.0,loop,,loop,,CP29,PsbS,pairs,64ASP,10LYS,64ASP-10LYS,0.108,10,A,10LYS,ASP,basic,protein,protein
64,10,2100,2243,144,288.0,r,A,ASP,LYS,chain_r_chain_r_1_respairs_events_df.csv,198.0,127.27922061357856,198.0,108.0,288.0,2,396.0,loop,,loop,,CP29,PsbS,pairs,64ASP,10LYS,64ASP-10LYS,0.288,10,A,10LYS,ASP,basic,protein,protein
64,11,2078,2147,70,140.0,r,A,ASP,LYS,chain_r_chain_r_1_respairs_events_df.csv,136.0,5.656854249492381,136.0,132.0,140.0,2,272.0,loop,,loop,,CP29,PsbS,pairs,64ASP,11LYS,64ASP-11LYS,0.14,11,A,11LYS,ASP,basic,protein,protein
64,11,2153,2218,66,132.0,r,A,ASP,LYS,chain_r_chain_r_1_respairs_events_df.csv,136.0,5.656854249492381,136.0,132.0,140.0,2,272.0,loop,,loop,,CP29,PsbS,pairs,64ASP,11LYS,64ASP-11LYS,0.132,11,A,11LYS,ASP,basic,protein,protein
64,13,2088,2142,55,110.0,r,A,ASP,GLU,chain_r_chain_r_1_respairs_events_df.csv,110.0,,110.0,110.0,110.0,1,110.0,loop,,loop,,CP29,PsbS,pairs,64ASP,13GLU,64ASP-13GLU,0.11,13,A,13GLU,ASP,GLU,protein,protein
65,11,2095,2160,66,132.0,r,A,VAL,LYS,chain_r_chain_r_1_respairs_events_df.csv,132.0,,132.0,132.0,132.0,1,132.0,loop,,loop,,CP29,PsbS,pairs,65VAL,11LYS,65VAL-11LYS,0.132,11,A,11LYS,hydrophobic,basic,protein,protein
65,12,2059,2157,99,198.0,r,A,VAL,VAL,chain_r_chain_r_1_respairs_events_df.csv,198.0,,198.0,198.0,198.0,1,198.0,loop,,loop,,CP29,PsbS,pairs,65VAL,12VAL,65VAL-12VAL,0.198,12,A,12VAL,hydrophobic,hydrophobic,protein,protein
65,13,2079,2151,73,146.0,r,A,VAL,GLU,chain_r_chain_r_1_respairs_events_df.csv,146.0,,146.0,146.0,146.0,1,146.0,loop,,loop,,CP29,PsbS,pairs,65VAL,13GLU,65VAL-13GLU,0.146,13,A,13GLU,hydrophobic,GLU,protein,protein
601,31,127,189,63,126.0,r,A,CLA,GLY,chain_r_chain_r_1_respairs_events_df.csv,116.0,14.142135623730953,116.0,106.0,126.0,2,232.0,loop,,loop,,CP29,PsbS,pairs,601CLA,31GLY,601CLA-31GLY,0.126,31,A,31GLY,chlorophyll,special,chlorophyll,protein
601,31,344,396,53,106.0,r,A,CLA,GLY,chain_r_chain_r_1_respairs_events_df.csv,116.0,14.142135623730953,116.0,106.0,126.0,2,232.0,loop,,loop,,CP29,PsbS,pairs,601CLA,31GLY,601CLA-31GLY,0.106,31,A,31GLY,chlorophyll,special,chlorophyll,protein
601,33,15,738,724,1448.0,r,A,CLA,THR,chain_r_chain_r_1_respairs_events_df.csv,618.0,725.8622458841622,304.0,102.0,1448.0,3,1854.0,loop,,loop,,CP29,PsbS,pairs,601CLA,33THR,601CLA-33THR,1.448,33,A,33THR,chlorophyll,polar,chlorophyll,protein
601,33,833,984,152,304.0,r,A,CLA,THR,chain_r_chain_r_1_respairs_events_df.csv,618.0,725.8622458841622,304.0,102.0,1448.0,3,1854.0,loop,,loop,,CP29,PsbS,pairs,601CLA,33THR,601CLA-33THR,0.304,33,A,33THR,chlorophyll,polar,chlorophyll,protein
601,33,1107,1157,51,102.0,r,A,CLA,THR,chain_r_chain_r_1_respairs_events_df.csv,618.0,725.8622458841622,304.0,102.0,1448.0,3,1854.0,loop,,loop,,CP29,PsbS,pairs,601CLA,33THR,601CLA-33THR,0.102,33,A,33THR,chlorophyll,polar,chlorophyll,protein
601,35,1,755,755,1510.0,r,A,CLA,GLU,chain_r_chain_r_1_respairs_events_df.csv,1263.3333333333333,603.0997706294816,1510.0,576.0,1704.0,3,3790.0,loop,,loop,,CP29,PsbS,pairs,601CLA,35GLU,601CLA-35GLU,1.51,35,A,35GLU,chlorophyll,GLU,chlorophyll,protein
601,35,773,1624,852,1704.0,r,A,CLA,GLU,chain_r_chain_r_1_respairs_events_df.csv,1263.3333333333333,603.0997706294816,1510.0,576.0,1704.0,3,3790.0,loop,,loop,,CP29,PsbS,pairs,601CLA,35GLU,601CLA-35GLU,1.704,35,A,35GLU,chlorophyll,GLU,chlorophyll,protein
601,35,1626,1913,288,576.0,r,A,CLA,GLU,chain_r_chain_r_1_respairs_events_df.csv,1263.3333333333333,603.0997706294816,1510.0,576.0,1704.0,3,3790.0,loop,,loop,,CP29,PsbS,pairs,601CLA,35GLU,601CLA-35GLU,0.576,35,A,35GLU,chlorophyll,GLU,chlorophyll,protein
601,36,17,439,423,846.0,r,A,CLA,ASN,chain_r_chain_r_1_respairs_events_df.csv,384.5,323.9398092238742,285.0,122.0,846.0,4,1538.0,loop,,loop,,CP29,PsbS,pairs,601CLA,36ASN,601CLA-36ASN,0.846,36,A,36ASN,chlorophyll,polar,chlorophyll,protein
601,36,457,517,61,122.0,r,A,CLA,ASN,chain_r_chain_r_1_respairs_events_df.csv,384.5,323.9398092238742,285.0,122.0,846.0,4,1538.0,loop,,loop,,CP29,PsbS,pairs,601CLA,36ASN,601CLA-36ASN,0.122,36,A,36ASN,chlorophyll,polar,chlorophyll,protein
601,36,554,736,183,366.0,r,A,CLA,ASN,chain_r_chain_r_1_respairs_events_df.csv,384.5,323.9398092238742,285.0,122.0,846.0,4,1538.0,loop,,loop,,CP29,PsbS,pairs,601CLA,36ASN,601CLA-36ASN,0.366,36,A,36ASN,chlorophyll,polar,chlorophyll,protein
601,36,881,982,102,204.0,r,A,CLA,ASN,chain_r_chain_r_1_respairs_events_df.csv,384.5,323.9398092238742,285.0,122.0,846.0,4,1538.0,loop,,loop,,CP29,PsbS,pairs,601CLA,36ASN,601CLA-36ASN,0.204,36,A,36ASN,chlorophyll,polar,chlorophyll,protein
601,39,31,335,305,610.0,r,A,CLA,PHE,chain_r_chain_r_1_respairs_events_df.csv,226.0,183.7026583004902,146.0,100.0,610.0,7,1582.0,loop,,loop,,CP29,PsbS,pairs,601CLA,39PHE,601CLA-39PHE,0.61,39,A,39PHE,chlorophyll,aromatic,chlorophyll,protein
601,39,584,740,157,314.0,r,A,CLA,PHE,chain_r_chain_r_1_respairs_events_df.csv,226.0,183.7026583004902,146.0,100.0,610.0,7,1582.0,loop,,loop,,CP29,PsbS,pairs,601CLA,39PHE,601CLA-39PHE,0.314,39,A,39PHE,chlorophyll,aromatic,chlorophyll,protein
601,39,763,835,73,146.0,r,A,CLA,PHE,chain_r_chain_r_1_respairs_events_df.csv,226.0,183.7026583004902,146.0,100.0,610.0,7,1582.0,loop,,loop,,CP29,PsbS,pairs,601CLA,39PHE,601CLA-39PHE,0.146,39,A,39PHE,chlorophyll,aromatic,chlorophyll,protein
601,39,837,916,80,160.0,r,A,CLA,PHE,chain_r_chain_r_1_respairs_events_df.csv,226.0,183.7026583004902,146.0,100.0,610.0,7,1582.0,loop,,loop,,CP29,PsbS,pairs,601CLA,39PHE,601CLA-39PHE,0.16,39,A,39PHE,chlorophyll,aromatic,chlorophyll,protein
601,39,922,971,50,100.0,r,A,CLA,PHE,chain_r_chain_r_1_respairs_events_df.csv,226.0,183.7026583004902,146.0,100.0,610.0,7,1582.0,loop,,loop,,CP29,PsbS,pairs,601CLA,39PHE,601CLA-39PHE,0.1,39,A,39PHE,chlorophyll,aromatic,chlorophyll,protein
601,39,1207,1278,72,144.0,r,A,CLA,PHE,chain_r_chain_r_1_respairs_events_df.csv,226.0,183.7026583004902,146.0,100.0,610.0,7,1582.0,loop,,loop,,CP29,PsbS,pairs,601CLA,39PHE,601CLA-39PHE,0.144,39,A,39PHE,chlorophyll,aromatic,chlorophyll,protein
601,39,1820,1873,54,108.0,r,A,CLA,PHE,chain_r_chain_r_1_respairs_events_df.csv,226.0,183.7026583004902,146.0,100.0,610.0,7,1582.0,loop,,loop,,CP29,PsbS,pairs,601CLA,39PHE,601CLA-39PHE,0.108,39,A,39PHE,chlorophyll,aromatic,chlorophyll,protein
601,42,1817,1866,50,100.0,r,A,CLA,ARG,chain_r_chain_r_1_respairs_events_df.csv,100.0,,100.0,100.0,100.0,1,100.0,loop,,loop,,CP29,PsbS,pairs,601CLA,42ARG,601CLA-42ARG,0.1,42,A,42ARG,chlorophyll,basic,chlorophyll,protein
601,99,50,190,141,282.0,r,A,CLA,ARG,chain_r_chain_r_1_respairs_events_df.csv,605.0,456.7909806465097,605.0,282.0,928.0,2,1210.0,loop,,loop,,CP29,PsbS,pairs,601CLA,99ARG,601CLA-99ARG,0.282,99,A,99ARG,chlorophyll,basic,chlorophyll,protein
601,99,273,736,464,928.0,r,A,CLA,ARG,chain_r_chain_r_1_respairs_events_df.csv,605.0,456.7909806465097,605.0,282.0,928.0,2,1210.0,loop,,loop,,CP29,PsbS,pairs,601CLA,99ARG,601CLA-99ARG,0.928,99,A,99ARG,chlorophyll,basic,chlorophyll,protein
601,102,737,833,97,194.0,r,A,CLA,PHE,chain_r_chain_r_1_respairs_events_df.csv,372.8,213.0614934707818,412.0,150.0,682.0,5,1864.0,loop,,loop,,CP29,PsbS,pairs,601CLA,102PHE,601CLA-102PHE,0.194,102,A,102PHE,chlorophyll,aromatic,chlorophyll,protein
601,102,964,1304,341,682.0,r,A,CLA,PHE,chain_r_chain_r_1_respairs_events_df.csv,372.8,213.0614934707818,412.0,150.0,682.0,5,1864.0,loop,,loop,,CP29,PsbS,pairs,601CLA,102PHE,601CLA-102PHE,0.682,102,A,102PHE,chlorophyll,aromatic,chlorophyll,protein
601,102,1342,1416,75,150.0,r,A,CLA,PHE,chain_r_chain_r_1_respairs_events_df.csv,372.8,213.0614934707818,412.0,150.0,682.0,5,1864.0,loop,,loop,,CP29,PsbS,pairs,601CLA,102PHE,601CLA-102PHE,0.15,102,A,102PHE,chlorophyll,aromatic,chlorophyll,protein
601,102,1418,1623,206,412.0,r,A,CLA,PHE,chain_r_chain_r_1_respairs_events_df.csv,372.8,213.0614934707818,412.0,150.0,682.0,5,1864.0,loop,,loop,,CP29,PsbS,pairs,601CLA,102PHE,601CLA-102PHE,0.412,102,A,102PHE,chlorophyll,aromatic,chlorophyll,protein
601,102,1673,1885,213,426.0,r,A,CLA,PHE,chain_r_chain_r_1_respairs_events_df.csv,372.8,213.0614934707818,412.0,150.0,682.0,5,1864.0,loop,,loop,,CP29,PsbS,pairs,601CLA,102PHE,601CLA-102PHE,0.426,102,A,102PHE,chlorophyll,aromatic,chlorophyll,protein
601,138,1705,1758,54,108.0,r,A,CLA,LYS,chain_r_chain_r_1_respairs_events_df.csv,111.33333333333331,5.77350269189626,108.0,108.0,118.0,3,334.0,loop,,loop,,CP29,PsbS,pairs,601CLA,138LYS,601CLA-138LYS,0.108,138,A,138LYS,chlorophyll,basic,chlorophyll,protein
601,138,1760,1813,54,108.0,r,A,CLA,LYS,chain_r_chain_r_1_respairs_events_df.csv,111.33333333333331,5.77350269189626,108.0,108.0,118.0,3,334.0,loop,,loop,,CP29,PsbS,pairs,601CLA,138LYS,601CLA-138LYS,0.108,138,A,138LYS,chlorophyll,basic,chlorophyll,protein
601,138,1815,1873,59,118.0,r,A,CLA,LYS,chain_r_chain_r_1_respairs_events_df.csv,111.33333333333331,5.77350269189626,108.0,108.0,118.0,3,334.0,loop,,loop,,CP29,PsbS,pairs,601CLA,138LYS,601CLA-138LYS,0.118,138,A,138LYS,chlorophyll,basic,chlorophyll,protein
601,202,1797,1873,77,154.0,r,A,CLA,GLY,chain_r_chain_r_1_respairs_events_df.csv,154.0,,154.0,154.0,154.0,1,154.0,loop,,loop,,CP29,PsbS,pairs,601CLA,202GLY,601CLA-202GLY,0.154,202,A,202GLY,chlorophyll,special,chlorophyll,protein
601,203,737,791,55,110.0,r,A,CLA,LYS,chain_r_chain_r_1_respairs_events_df.csv,247.7142857142857,123.77629590746132,216.0,110.0,414.0,7,1734.0,loop,,loop,,CP29,PsbS,pairs,601CLA,203LYS,601CLA-203LYS,0.11,203,A,203LYS,chlorophyll,basic,chlorophyll,protein
601,203,988,1194,207,414.0,r,A,CLA,LYS,chain_r_chain_r_1_respairs_events_df.csv,247.7142857142857,123.77629590746132,216.0,110.0,414.0,7,1734.0,loop,,loop,,CP29,PsbS,pairs,601CLA,203LYS,601CLA-203LYS,0.414,203,A,203LYS,chlorophyll,basic,chlorophyll,protein
601,203,1196,1271,76,152.0,r,A,CLA,LYS,chain_r_chain_r_1_respairs_events_df.csv,247.7142857142857,123.77629590746132,216.0,110.0,414.0,7,1734.0,loop,,loop,,CP29,PsbS,pairs,601CLA,203LYS,601CLA-203LYS,0.152,203,A,203LYS,chlorophyll,basic,chlorophyll,protein
601,203,1438,1545,108,216.0,r,A,CLA,LYS,chain_r_chain_r_1_respairs_events_df.csv,247.7142857142857,123.77629590746132,216.0,110.0,414.0,7,1734.0,loop,,loop,,CP29,PsbS,pairs,601CLA,203LYS,601CLA-203LYS,0.216,203,A,203LYS,chlorophyll,basic,chlorophyll,protein
601,203,1547,1621,75,150.0,r,A,CLA,LYS,chain_r_chain_r_1_respairs_events_df.csv,247.7142857142857,123.77629590746132,216.0,110.0,414.0,7,1734.0,loop,,loop,,CP29,PsbS,pairs,601CLA,203LYS,601CLA-203LYS,0.15,203,A,203LYS,chlorophyll,basic,chlorophyll,protein
601,203,1685,1885,201,402.0,r,A,CLA,LYS,chain_r_chain_r_1_respairs_events_df.csv,247.7142857142857,123.77629590746132,216.0,110.0,414.0,7,1734.0,loop,,loop,,CP29,PsbS,pairs,601CLA,203LYS,601CLA-203LYS,0.402,203,A,203LYS,chlorophyll,basic,chlorophyll,protein
601,203,1897,2041,145,290.0,r,A,CLA,LYS,chain_r_chain_r_1_respairs_events_df.csv,247.7142857142857,123.77629590746132,216.0,110.0,414.0,7,1734.0,loop,,loop,,CP29,PsbS,pairs,601CLA,203LYS,601CLA-203LYS,0.29,203,A,203LYS,chlorophyll,basic,chlorophyll,protein
601,204,50,215,166,332.0,r,A,CLA,PHE,chain_r_chain_r_1_respairs_events_df.csv,1224.6666666666667,916.891124034546,1178.0,332.0,2164.0,3,3674.0,loop,,loop,,CP29,PsbS,pairs,601CLA,204PHE,601CLA-204PHE,0.332,204,A,204PHE,chlorophyll,aromatic,chlorophyll,protein
601,204,226,1307,1082,2164.0,r,A,CLA,PHE,chain_r_chain_r_1_respairs_events_df.csv,1224.6666666666667,916.891124034546,1178.0,332.0,2164.0,3,3674.0,loop,,loop,,CP29,PsbS,pairs,601CLA,204PHE,601CLA-204PHE,2.164,204,A,204PHE,chlorophyll,aromatic,chlorophyll,protein
601,204,1312,1900,589,1178.0,r,A,CLA,PHE,chain_r_chain_r_1_respairs_events_df.csv,1224.6666666666667,916.891124034546,1178.0,332.0,2164.0,3,3674.0,loop,,loop,,CP29,PsbS,pairs,601CLA,204PHE,601CLA-204PHE,1.178,204,A,204PHE,chlorophyll,aromatic,chlorophyll,protein
601,205,1046,1173,128,256.0,r,A,CLA,ILE,chain_r_chain_r_1_respairs_events_df.csv,185.3333333333333,72.0370275159472,188.0,112.0,256.0,3,556.0,loop,,loop,,CP29,PsbS,pairs,601CLA,205ILE,601CLA-205ILE,0.256,205,A,205ILE,chlorophyll,hydrophobic,chlorophyll,protein
601,205,1175,1268,94,188.0,r,A,CLA,ILE,chain_r_chain_r_1_respairs_events_df.csv,185.3333333333333,72.0370275159472,188.0,112.0,256.0,3,556.0,loop,,loop,,CP29,PsbS,pairs,601CLA,205ILE,601CLA-205ILE,0.188,205,A,205ILE,chlorophyll,hydrophobic,chlorophyll,protein
601,205,1396,1451,56,112.0,r,A,CLA,ILE,chain_r_chain_r_1_respairs_events_df.csv,185.3333333333333,72.0370275159472,188.0,112.0,256.0,3,556.0,loop,,loop,,CP29,PsbS,pairs,601CLA,205ILE,601CLA-205ILE,0.112,205,A,205ILE,chlorophyll,hydrophobic,chlorophyll,protein
601,206,51,194,144,288.0,r,A,CLA,THR,chain_r_chain_r_1_respairs_events_df.csv,666.8,664.4570716005662,436.0,288.0,1848.0,5,3334.0,loop,,loop,,CP29,PsbS,pairs,601CLA,206THR,601CLA-206THR,0.288,206,A,206THR,chlorophyll,polar,chlorophyll,protein
601,206,226,443,218,436.0,r,A,CLA,THR,chain_r_chain_r_1_respairs_events_df.csv,666.8,664.4570716005662,436.0,288.0,1848.0,5,3334.0,loop,,loop,,CP29,PsbS,pairs,601CLA,206THR,601CLA-206THR,0.436,206,A,206THR,chlorophyll,polar,chlorophyll,protein
601,206,512,738,227,454.0,r,A,CLA,THR,chain_r_chain_r_1_respairs_events_df.csv,666.8,664.4570716005662,436.0,288.0,1848.0,5,3334.0,loop,,loop,,CP29,PsbS,pairs,601CLA,206THR,601CLA-206THR,0.454,206,A,206THR,chlorophyll,polar,chlorophyll,protein
601,206,803,956,154,308.0,r,A,CLA,THR,chain_r_chain_r_1_respairs_events_df.csv,666.8,664.4570716005662,436.0,288.0,1848.0,5,3334.0,loop,,loop,,CP29,PsbS,pairs,601CLA,206THR,601CLA-206THR,0.308,206,A,206THR,chlorophyll,polar,chlorophyll,protein
601,206,958,1881,924,1848.0,r,A,CLA,THR,chain_r_chain_r_1_respairs_events_df.csv,666.8,664.4570716005662,436.0,288.0,1848.0,5,3334.0,loop,,loop,,CP29,PsbS,pairs,601CLA,206THR,601CLA-206THR,1.848,206,A,206THR,chlorophyll,polar,chlorophyll,protein
601,207,50,106,57,114.0,r,A,CLA,ASP,chain_r_chain_r_1_respairs_events_df.csv,368.6666666666667,405.2669901846601,156.0,114.0,836.0,3,1106.0,loop,,loop,,CP29,PsbS,pairs,601CLA,207ASP,601CLA-207ASP,0.114,207,A,207ASP,chlorophyll,ASP,chlorophyll,protein
601,207,108,185,78,156.0,r,A,CLA,ASP,chain_r_chain_r_1_respairs_events_df.csv,368.6666666666667,405.2669901846601,156.0,114.0,836.0,3,1106.0,loop,,loop,,CP29,PsbS,pairs,601CLA,207ASP,601CLA-207ASP,0.156,207,A,207ASP,chlorophyll,ASP,chlorophyll,protein
601,207,321,738,418,836.0,r,A,CLA,ASP,chain_r_chain_r_1_respairs_events_df.csv,368.6666666666667,405.2669901846601,156.0,114.0,836.0,3,1106.0,loop,,loop,,CP29,PsbS,pairs,601CLA,207ASP,601CLA-207ASP,0.836,207,A,207ASP,chlorophyll,ASP,chlorophyll,protein
601,211,1304,1353,50,100.0,r,A,CLA,GLU,chain_r_chain_r_1_respairs_events_df.csv,100.0,,100.0,100.0,100.0,1,100.0,loop,,loop,,CP29,PsbS,pairs,601CLA,211GLU,601CLA-211GLU,0.1,211,A,211GLU,chlorophyll,GLU,chlorophyll,protein
187,27,501,552,52,104.0,r,A,ASP,SER,chain_r_chain_r_2_respairs_events_df.csv,104.0,,104.0,104.0,104.0,1,104.0,A,1.0,loop,,CP29,PsbS,pairs,187ASP,27SER,187ASP-27SER,0.104,27,A,27SER,ASP,polar,protein,protein
601,334,600,713,114,228.0,r,A,CLA,ARG,chain_r_chain_r_2_respairs_events_df.csv,282.0,76.36753236814714,282.0,228.0,336.0,2,564.0,loop,,loop,,CP29,PsbS,pairs,601CLA,334ARG,601CLA-334ARG,0.228,122,B,122ARG,chlorophyll,basic,chlorophyll,protein
601,334,736,903,168,336.0,r,A,CLA,ARG,chain_r_chain_r_2_respairs_events_df.csv,282.0,76.36753236814714,282.0,228.0,336.0,2,564.0,loop,,loop,,CP29,PsbS,pairs,601CLA,334ARG,601CLA-334ARG,0.336,122,B,122ARG,chlorophyll,basic,chlorophyll,protein
611,329,388,511,124,248.0,r,A,CLA,PRO,chain_r_chain_r_2_respairs_events_df.csv,248.0,,248.0,248.0,248.0,1,248.0,loop,,loop,,CP29,PsbS,pairs,611CLA,329PRO,611CLA-329PRO,0.248,117,B,117PRO,chlorophyll,special,chlorophyll,protein
611,331,258,340,83,166.0,r,A,CLA,LYS,chain_r_chain_r_2_respairs_events_df.csv,166.0,,166.0,166.0,166.0,1,166.0,loop,,loop,,CP29,PsbS,pairs,611CLA,331LYS,611CLA-331LYS,0.166,119,B,119LYS,chlorophyll,basic,chlorophyll,protein
612,327,85,162,78,156.0,r,A,CLA,ILE,chain_r_chain_r_2_respairs_events_df.csv,166.0,50.25932749251625,156.0,114.0,226.0,5,830.0,loop,,loop,,CP29,PsbS,pairs,612CLA,327ILE,612CLA-327ILE,0.156,115,B,115ILE,chlorophyll,hydrophobic,chlorophyll,protein
612,327,229,341,113,226.0,r,A,CLA,ILE,chain_r_chain_r_2_respairs_events_df.csv,166.0,50.25932749251625,156.0,114.0,226.0,5,830.0,loop,,loop,,CP29,PsbS,pairs,612CLA,327ILE,612CLA-327ILE,0.226,115,B,115ILE,chlorophyll,hydrophobic,chlorophyll,protein
612,327,422,483,62,124.0,r,A,CLA,ILE,chain_r_chain_r_2_respairs_events_df.csv,166.0,50.25932749251625,156.0,114.0,226.0,5,830.0,loop,,loop,,CP29,PsbS,pairs,612CLA,327ILE,612CLA-327ILE,0.124,115,B,115ILE,chlorophyll,hydrophobic,chlorophyll,protein
612,327,975,1031,57,114.0,r,A,CLA,ILE,chain_r_chain_r_2_respairs_events_df.csv,166.0,50.25932749251625,156.0,114.0,226.0,5,830.0,loop,,loop,,CP29,PsbS,pairs,612CLA,327ILE,612CLA-327ILE,0.114,115,B,115ILE,chlorophyll,hydrophobic,chlorophyll,protein
612,327,1052,1156,105,210.0,r,A,CLA,ILE,chain_r_chain_r_2_respairs_events_df.csv,166.0,50.25932749251625,156.0,114.0,226.0,5,830.0,loop,,loop,,CP29,PsbS,pairs,612CLA,327ILE,612CLA-327ILE,0.21,115,B,115ILE,chlorophyll,hydrophobic,chlorophyll,protein
612,328,74,255,182,364.0,r,A,CLA,PRO,chain_r_chain_r_2_respairs_events_df.csv,269.6666666666667,181.9556722574668,216.0,102.0,590.0,6,1618.0,loop,,loop,,CP29,PsbS,pairs,612CLA,328PRO,612CLA-328PRO,0.364,116,B,116PRO,chlorophyll,special,chlorophyll,protein
612,328,270,368,99,198.0,r,A,CLA,PRO,chain_r_chain_r_2_respairs_events_df.csv,269.6666666666667,181.9556722574668,216.0,102.0,590.0,6,1618.0,loop,,loop,,CP29,PsbS,pairs,612CLA,328PRO,612CLA-328PRO,0.198,116,B,116PRO,chlorophyll,special,chlorophyll,protein
612,328,386,450,65,130.0,r,A,CLA,PRO,chain_r_chain_r_2_respairs_events_df.csv,269.6666666666667,181.9556722574668,216.0,102.0,590.0,6,1618.0,loop,,loop,,CP29,PsbS,pairs,612CLA,328PRO,612CLA-328PRO,0.13,116,B,116PRO,chlorophyll,special,chlorophyll,protein
612,328,485,601,117,234.0,r,A,CLA,PRO,chain_r_chain_r_2_respairs_events_df.csv,269.6666666666667,181.9556722574668,216.0,102.0,590.0,6,1618.0,loop,,loop,,CP29,PsbS,pairs,612CLA,328PRO,612CLA-328PRO,0.234,116,B,116PRO,chlorophyll,special,chlorophyll,protein
612,328,603,897,295,590.0,r,A,CLA,PRO,chain_r_chain_r_2_respairs_events_df.csv,269.6666666666667,181.9556722574668,216.0,102.0,590.0,6,1618.0,loop,,loop,,CP29,PsbS,pairs,612CLA,328PRO,612CLA-328PRO,0.59,116,B,116PRO,chlorophyll,special,chlorophyll,protein
612,328,975,1025,51,102.0,r,A,CLA,PRO,chain_r_chain_r_2_respairs_events_df.csv,269.6666666666667,181.9556722574668,216.0,102.0,590.0,6,1618.0,loop,,loop,,CP29,PsbS,pairs,612CLA,328PRO,612CLA-328PRO,0.102,116,B,116PRO,chlorophyll,special,chlorophyll,protein
612,329,74,227,154,308.0,r,A,CLA,PRO,chain_r_chain_r_2_respairs_events_df.csv,364.0,322.23283507426737,228.0,162.0,932.0,5,1820.0,loop,,loop,,CP29,PsbS,pairs,612CLA,329PRO,612CLA-329PRO,0.308,117,B,117PRO,chlorophyll,special,chlorophyll,protein
612,329,274,368,95,190.0,r,A,CLA,PRO,chain_r_chain_r_2_respairs_events_df.csv,364.0,322.23283507426737,228.0,162.0,932.0,5,1820.0,loop,,loop,,CP29,PsbS,pairs,612CLA,329PRO,612CLA-329PRO,0.19,117,B,117PRO,chlorophyll,special,chlorophyll,protein
612,329,370,450,81,162.0,r,A,CLA,PRO,chain_r_chain_r_2_respairs_events_df.csv,364.0,322.23283507426737,228.0,162.0,932.0,5,1820.0,loop,,loop,,CP29,PsbS,pairs,612CLA,329PRO,612CLA-329PRO,0.162,117,B,117PRO,chlorophyll,special,chlorophyll,protein
612,329,452,917,466,932.0,r,A,CLA,PRO,chain_r_chain_r_2_respairs_events_df.csv,364.0,322.23283507426737,228.0,162.0,932.0,5,1820.0,loop,,loop,,CP29,PsbS,pairs,612CLA,329PRO,612CLA-329PRO,0.932,117,B,117PRO,chlorophyll,special,chlorophyll,protein
612,329,1149,1262,114,228.0,r,A,CLA,PRO,chain_r_chain_r_2_respairs_events_df.csv,364.0,322.23283507426737,228.0,162.0,932.0,5,1820.0,loop,,loop,,CP29,PsbS,pairs,612CLA,329PRO,612CLA-329PRO,0.228,117,B,117PRO,chlorophyll,special,chlorophyll,protein
612,331,38,238,201,402.0,r,A,CLA,LYS,chain_r_chain_r_2_respairs_events_df.csv,334.0,239.6163600424645,287.0,128.0,766.0,6,2004.0,loop,,loop,,CP29,PsbS,pairs,612CLA,331LYS,612CLA-331LYS,0.402,119,B,119LYS,chlorophyll,basic,chlorophyll,protein
612,331,259,368,110,220.0,r,A,CLA,LYS,chain_r_chain_r_2_respairs_events_df.csv,334.0,239.6163600424645,287.0,128.0,766.0,6,2004.0,loop,,loop,,CP29,PsbS,pairs,612CLA,331LYS,612CLA-331LYS,0.22,119,B,119LYS,chlorophyll,basic,chlorophyll,protein
612,331,388,564,177,354.0,r,A,CLA,LYS,chain_r_chain_r_2_respairs_events_df.csv,334.0,239.6163600424645,287.0,128.0,766.0,6,2004.0,loop,,loop,,CP29,PsbS,pairs,612CLA,331LYS,612CLA-331LYS,0.354,119,B,119LYS,chlorophyll,basic,chlorophyll,protein
612,331,595,977,383,766.0,r,A,CLA,LYS,chain_r_chain_r_2_respairs_events_df.csv,334.0,239.6163600424645,287.0,128.0,766.0,6,2004.0,loop,,loop,,CP29,PsbS,pairs,612CLA,331LYS,612CLA-331LYS,0.766,119,B,119LYS,chlorophyll,basic,chlorophyll,protein
612,331,1040,1103,64,128.0,r,A,CLA,LYS,chain_r_chain_r_2_respairs_events_df.csv,334.0,239.6163600424645,287.0,128.0,766.0,6,2004.0,loop,,loop,,CP29,PsbS,pairs,612CLA,331LYS,612CLA-331LYS,0.128,119,B,119LYS,chlorophyll,basic,chlorophyll,protein
612,331,1416,1482,67,134.0,r,A,CLA,LYS,chain_r_chain_r_2_respairs_events_df.csv,334.0,239.6163600424645,287.0,128.0,766.0,6,2004.0,loop,,loop,,CP29,PsbS,pairs,612CLA,331LYS,612CLA-331LYS,0.134,119,B,119LYS,chlorophyll,basic,chlorophyll,protein
612,333,163,226,64,128.0,r,A,CLA,VAL,chain_r_chain_r_2_respairs_events_df.csv,282.4,222.62704238254616,210.0,128.0,676.0,5,1412.0,loop,,loop,,CP29,PsbS,pairs,612CLA,333VAL,612CLA-333VAL,0.128,121,B,121VAL,chlorophyll,hydrophobic,chlorophyll,protein
612,333,262,366,105,210.0,r,A,CLA,VAL,chain_r_chain_r_2_respairs_events_df.csv,282.4,222.62704238254616,210.0,128.0,676.0,5,1412.0,loop,,loop,,CP29,PsbS,pairs,612CLA,333VAL,612CLA-333VAL,0.21,121,B,121VAL,chlorophyll,hydrophobic,chlorophyll,protein
612,333,430,522,93,186.0,r,A,CLA,VAL,chain_r_chain_r_2_respairs_events_df.csv,282.4,222.62704238254616,210.0,128.0,676.0,5,1412.0,loop,,loop,,CP29,PsbS,pairs,612CLA,333VAL,612CLA-333VAL,0.186,121,B,121VAL,chlorophyll,hydrophobic,chlorophyll,protein
612,333,595,932,338,676.0,r,A,CLA,VAL,chain_r_chain_r_2_respairs_events_df.csv,282.4,222.62704238254616,210.0,128.0,676.0,5,1412.0,loop,,loop,,CP29,PsbS,pairs,612CLA,333VAL,612CLA-333VAL,0.676,121,B,121VAL,chlorophyll,hydrophobic,chlorophyll,protein
612,334,983,1034,52,104.0,r,A,CLA,ARG,chain_r_chain_r_2_respairs_events_df.csv,216.5,159.68093186100836,176.0,104.0,600.0,8,1732.0,loop,,loop,,CP29,PsbS,pairs,612CLA,334ARG,612CLA-334ARG,0.104,122,B,122ARG,chlorophyll,basic,chlorophyll,protein
612,334,1298,1387,90,180.0,r,A,CLA,ARG,chain_r_chain_r_2_respairs_events_df.csv,216.5,159.68093186100836,176.0,104.0,600.0,8,1732.0,loop,,loop,,CP29,PsbS,pairs,612CLA,334ARG,612CLA-334ARG,0.18,122,B,122ARG,chlorophyll,basic,chlorophyll,protein
612,334,1389,1475,87,174.0,r,A,CLA,ARG,chain_r_chain_r_2_respairs_events_df.csv,216.5,159.68093186100836,176.0,104.0,600.0,8,1732.0,loop,,loop,,CP29,PsbS,pairs,612CLA,334ARG,612CLA-334ARG,0.174,122,B,122ARG,chlorophyll,basic,chlorophyll,protein
612,334,1510,1563,54,108.0,r,A,CLA,ARG,chain_r_chain_r_2_respairs_events_df.csv,216.5,159.68093186100836,176.0,104.0,600.0,8,1732.0,loop,,loop,,CP29,PsbS,pairs,612CLA,334ARG,612CLA-334ARG,0.108,122,B,122ARG,chlorophyll,basic,chlorophyll,protein
612,344,85,162,78,156.0,r,A,CLA,PRO,chain_r_chain_r_2_respairs_events_df.csv,149.0,9.899494936611664,149.0,142.0,156.0,2,298.0,loop,,loop,,CP29,PsbS,pairs,612CLA,344PRO,612CLA-344PRO,0.156,132,B,132PRO,chlorophyll,special,chlorophyll,protein
612,344,272,342,71,142.0,r,A,CLA,PRO,chain_r_chain_r_2_respairs_events_df.csv,149.0,9.899494936611664,149.0,142.0,156.0,2,298.0,loop,,loop,,CP29,PsbS,pairs,612CLA,344PRO,612CLA-344PRO,0.142,132,B,132PRO,chlorophyll,special,chlorophyll,protein
50,334,235,320,86,172.0,r,A,LEU,ARG,chain_r_chain_r_3_respairs_events_df.csv,217.0,63.63961030678928,217.0,172.0,262.0,2,434.0,loop,,loop,,CP29,PsbS,pairs,50LEU,334ARG,50LEU-334ARG,0.172,122,B,122ARG,hydrophobic,basic,protein,protein
50,334,322,452,131,262.0,r,A,LEU,ARG,chain_r_chain_r_3_respairs_events_df.csv,217.0,63.63961030678928,217.0,172.0,262.0,2,434.0,loop,,loop,,CP29,PsbS,pairs,50LEU,334ARG,50LEU-334ARG,0.262,122,B,122ARG,hydrophobic,basic,protein,protein
50,335,384,444,61,122.0,r,A,LEU,SER,chain_r_chain_r_3_respairs_events_df.csv,122.0,,122.0,122.0,122.0,1,122.0,loop,,loop,,CP29,PsbS,pairs,50LEU,335SER,50LEU-335SER,0.122,123,B,123SER,hydrophobic,polar,protein,protein
50,336,323,447,125,250.0,r,A,LEU,ALA,chain_r_chain_r_3_respairs_events_df.csv,250.0,,250.0,250.0,250.0,1,250.0,loop,,loop,,CP29,PsbS,pairs,50LEU,336ALA,50LEU-336ALA,0.25,124,B,124ALA,hydrophobic,hydrophobic,protein,protein
50,337,336,388,53,106.0,r,A,LEU,LEU,chain_r_chain_r_3_respairs_events_df.csv,106.0,,106.0,106.0,106.0,1,106.0,loop,,loop,,CP29,PsbS,pairs,50LEU,337LEU,50LEU-337LEU,0.106,125,B,125LEU,hydrophobic,hydrophobic,protein,protein
51,333,323,444,122,244.0,r,A,ASP,VAL,chain_r_chain_r_3_respairs_events_df.csv,1579.0,1887.975105768082,1579.0,244.0,2914.0,2,3158.0,loop,,loop,,CP29,PsbS,pairs,51ASP,333VAL,51ASP-333VAL,0.244,121,B,121VAL,ASP,hydrophobic,protein,protein
51,334,238,307,70,140.0,r,A,ASP,ARG,chain_r_chain_r_3_respairs_events_df.csv,1044.0,1447.907455606193,278.0,140.0,2714.0,3,3132.0,loop,,loop,,CP29,PsbS,pairs,51ASP,334ARG,51ASP-334ARG,0.14,122,B,122ARG,ASP,basic,protein,protein
51,334,310,448,139,278.0,r,A,ASP,ARG,chain_r_chain_r_3_respairs_events_df.csv,1044.0,1447.907455606193,278.0,140.0,2714.0,3,3132.0,loop,,loop,,CP29,PsbS,pairs,51ASP,334ARG,51ASP-334ARG,0.278,122,B,122ARG,ASP,basic,protein,protein
52,332,362,414,53,106.0,r,A,SER,ASP,chain_r_chain_r_3_respairs_events_df.csv,204.5,103.400515794974,181.0,106.0,350.0,4,818.0,loop,,loop,,CP29,PsbS,pairs,52SER,332ASP,52SER-332ASP,0.106,120,B,120ASP,polar,ASP,protein,protein
52,333,311,445,135,270.0,r,A,SER,VAL,chain_r_chain_r_3_respairs_events_df.csv,635.2,348.1022838189948,614.0,270.0,1150.0,5,3176.0,loop,,loop,,CP29,PsbS,pairs,52SER,333VAL,52SER-333VAL,0.27,121,B,121VAL,polar,hydrophobic,protein,protein
52,334,236,307,72,144.0,r,A,SER,ARG,chain_r_chain_r_3_respairs_events_df.csv,520.0,569.4010888644312,233.0,126.0,1550.0,6,3120.0,loop,,loop,,CP29,PsbS,pairs,52SER,334ARG,52SER-334ARG,0.144,122,B,122ARG,polar,basic,protein,protein
52,334,337,447,111,222.0,r,A,SER,ARG,chain_r_chain_r_3_respairs_events_df.csv,520.0,569.4010888644312,233.0,126.0,1550.0,6,3120.0,loop,,loop,,CP29,PsbS,pairs,52SER,334ARG,52SER-334ARG,0.222,122,B,122ARG,polar,basic,protein,protein
53,330,376,425,50,100.0,r,A,LEU,GLY,chain_r_chain_r_3_respairs_events_df.csv,100.0,,100.0,100.0,100.0,1,100.0,loop,,loop,,CP29,PsbS,pairs,53LEU,330GLY,53LEU-330GLY,0.1,118,B,118GLY,hydrophobic,special,protein,protein
53,331,241,329,89,178.0,r,A,LEU,LYS,chain_r_chain_r_3_respairs_events_df.csv,188.0,14.142135623730953,188.0,178.0,198.0,2,376.0,loop,,loop,,CP29,PsbS,pairs,53LEU,331LYS,53LEU-331LYS,0.178,119,B,119LYS,hydrophobic,basic,protein,protein
53,331,349,447,99,198.0,r,A,LEU,LYS,chain_r_chain_r_3_respairs_events_df.csv,188.0,14.142135623730953,188.0,178.0,198.0,2,376.0,loop,,loop,,CP29,PsbS,pairs,53LEU,331LYS,53LEU-331LYS,0.198,119,B,119LYS,hydrophobic,basic,protein,protein
53,332,337,458,122,244.0,r,A,LEU,ASP,chain_r_chain_r_3_respairs_events_df.csv,244.0,,244.0,244.0,244.0,1,244.0,loop,,loop,,CP29,PsbS,pairs,53LEU,332ASP,53LEU-332ASP,0.244,120,B,120ASP,hydrophobic,ASP,protein,protein
53,333,234,452,219,438.0,r,A,LEU,VAL,chain_r_chain_r_3_respairs_events_df.csv,379.7142857142857,199.96809269290463,296.0,176.0,726.0,7,2658.0,loop,,loop,,CP29,PsbS,pairs,53LEU,333VAL,53LEU-333VAL,0.438,121,B,121VAL,hydrophobic,hydrophobic,protein,protein
53,334,233,307,75,150.0,r,A,LEU,ARG,chain_r_chain_r_3_respairs_events_df.csv,403.1428571428572,261.6762812913624,468.0,108.0,816.0,7,2822.0,loop,,loop,,CP29,PsbS,pairs,53LEU,334ARG,53LEU-334ARG,0.15,122,B,122ARG,hydrophobic,basic,protein,protein
54,333,241,306,66,132.0,r,A,ASP,VAL,chain_r_chain_r_3_respairs_events_df.csv,132.0,,132.0,132.0,132.0,1,132.0,loop,,loop,,CP29,PsbS,pairs,54ASP,333VAL,54ASP-333VAL,0.132,121,B,121VAL,ASP,hydrophobic,protein,protein
55,332,242,292,51,102.0,r,A,GLN,ASP,chain_r_chain_r_3_respairs_events_df.csv,102.0,0.0,102.0,102.0,102.0,2,204.0,loop,,loop,,CP29,PsbS,pairs,55GLN,332ASP,55GLN-332ASP,0.102,120,B,120ASP,polar,ASP,protein,protein
55,332,395,445,51,102.0,r,A,GLN,ASP,chain_r_chain_r_3_respairs_events_df.csv,102.0,0.0,102.0,102.0,102.0,2,204.0,loop,,loop,,CP29,PsbS,pairs,55GLN,332ASP,55GLN-332ASP,0.102,120,B,120ASP,polar,ASP,protein,protein
55,333,241,326,86,172.0,r,A,GLN,VAL,chain_r_chain_r_3_respairs_events_df.csv,172.0,,172.0,172.0,172.0,1,172.0,loop,,loop,,CP29,PsbS,pairs,55GLN,333VAL,55GLN-333VAL,0.172,121,B,121VAL,polar,hydrophobic,protein,protein
55,334,191,307,117,234.0,r,A,GLN,ARG,chain_r_chain_r_3_respairs_events_df.csv,234.0,,234.0,234.0,234.0,1,234.0,loop,,loop,,CP29,PsbS,pairs,55GLN,334ARG,55GLN-334ARG,0.234,122,B,122ARG,polar,basic,protein,protein
616,2,126,193,68,136.0,r,A,CLA,PHE,chain_r_chain_r_3_respairs_events_df.csv,136.0,,136.0,136.0,136.0,1,136.0,loop,,loop,,CP29,PsbS,pairs,616CLA,2PHE,616CLA-2PHE,0.136,2,A,2PHE,chlorophyll,aromatic,chlorophyll,protein
616,3,42,126,85,170.0,r,A,CLA,LYS,chain_r_chain_r_3_respairs_events_df.csv,170.0,,170.0,170.0,170.0,1,170.0,loop,,loop,,CP29,PsbS,pairs,616CLA,3LYS,616CLA-3LYS,0.17,3,A,3LYS,chlorophyll,basic,chlorophyll,protein
616,5,91,194,104,208.0,r,A,CLA,LYS,chain_r_chain_r_3_respairs_events_df.csv,208.0,,208.0,208.0,208.0,1,208.0,loop,,loop,,CP29,PsbS,pairs,616CLA,5LYS,616CLA-5LYS,0.208,5,A,5LYS,chlorophyll,basic,chlorophyll,protein
616,333,228,322,95,190.0,r,A,CLA,VAL,chain_r_chain_r_3_respairs_events_df.csv,190.0,,190.0,190.0,190.0,1,190.0,loop,,loop,,CP29,PsbS,pairs,616CLA,333VAL,616CLA-333VAL,0.19,121,B,121VAL,chlorophyll,hydrophobic,chlorophyll,protein
616,334,140,478,339,678.0,r,A,CLA,ARG,chain_r_chain_r_3_respairs_events_df.csv,678.0,,678.0,678.0,678.0,1,678.0,loop,,loop,,CP29,PsbS,pairs,616CLA,334ARG,616CLA-334ARG,0.678,122,B,122ARG,chlorophyll,basic,chlorophyll,protein
616,335,176,272,97,194.0,r,A,CLA,SER,chain_r_chain_r_3_respairs_events_df.csv,277.0,117.37972567696688,277.0,194.0,360.0,2,554.0,loop,,loop,,CP29,PsbS,pairs,616CLA,335SER,616CLA-335SER,0.194,123,B,123SER,chlorophyll,polar,chlorophyll,protein
616,335,308,487,180,360.0,r,A,CLA,SER,chain_r_chain_r_3_respairs_events_df.csv,277.0,117.37972567696688,277.0,194.0,360.0,2,554.0,loop,,loop,,CP29,PsbS,pairs,616CLA,335SER,616CLA-335SER,0.36,123,B,123SER,chlorophyll,polar,chlorophyll,protein
616,336,176,242,67,134.0,r,A,CLA,ALA,chain_r_chain_r_3_respairs_events_df.csv,186.66666666666663,81.05142400558631,146.0,134.0,280.0,3,560.0,loop,,loop,,CP29,PsbS,pairs,616CLA,336ALA,616CLA-336ALA,0.134,124,B,124ALA,chlorophyll,hydrophobic,chlorophyll,protein
616,336,308,447,140,280.0,r,A,CLA,ALA,chain_r_chain_r_3_respairs_events_df.csv,186.66666666666663,81.05142400558631,146.0,134.0,280.0,3,560.0,loop,,loop,,CP29,PsbS,pairs,616CLA,336ALA,616CLA-336ALA,0.28,124,B,124ALA,chlorophyll,hydrophobic,chlorophyll,protein
616,336,541,613,73,146.0,r,A,CLA,ALA,chain_r_chain_r_3_respairs_events_df.csv,186.66666666666663,81.05142400558631,146.0,134.0,280.0,3,560.0,loop,,loop,,CP29,PsbS,pairs,616CLA,336ALA,616CLA-336ALA,0.146,124,B,124ALA,chlorophyll,hydrophobic,chlorophyll,protein
616,337,329,387,59,118.0,r,A,CLA,LEU,chain_r_chain_r_3_respairs_events_df.csv,116.0,2.8284271247461903,116.0,114.0,118.0,2,232.0,loop,,loop,,CP29,PsbS,pairs,616CLA,337LEU,616CLA-337LEU,0.118,125,B,125LEU,chlorophyll,hydrophobic,chlorophyll,protein
616,337,522,578,57,114.0,r,A,CLA,LEU,chain_r_chain_r_3_respairs_events_df.csv,116.0,2.8284271247461903,116.0,114.0,118.0,2,232.0,loop,,loop,,CP29,PsbS,pairs,616CLA,337LEU,616CLA-337LEU,0.114,125,B,125LEU,chlorophyll,hydrophobic,chlorophyll,protein
616,342,525,581,57,114.0,r,A,CLA,LYS,chain_r_chain_r_3_respairs_events_df.csv,114.0,,114.0,114.0,114.0,1,114.0,loop,,loop,,CP29,PsbS,pairs,616CLA,342LYS,616CLA-342LYS,0.114,130,B,130LYS,chlorophyll,basic,chlorophyll,protein
611,334,173,337,165,330.0,r,A,CLA,ARG,chain_r_chain_r_4_respairs_events_df.csv,330.0,,330.0,330.0,330.0,1,330.0,loop,,loop,,CP29,PsbS,pairs,611CLA,334ARG,611CLA-334ARG,0.33,122,B,122ARG,chlorophyll,basic,chlorophyll,protein
611,336,73,127,55,110.0,r,A,CLA,ALA,chain_r_chain_r_4_respairs_events_df.csv,110.0,,110.0,110.0,110.0,1,110.0,loop,,loop,,CP29,PsbS,pairs,611CLA,336ALA,611CLA-336ALA,0.11,124,B,124ALA,chlorophyll,hydrophobic,chlorophyll,protein
612,333,237,342,106,212.0,r,A,CLA,VAL,chain_r_chain_r_4_respairs_events_df.csv,282.4,222.62704238254616,210.0,128.0,676.0,5,1412.0,loop,,loop,,CP29,PsbS,pairs,612CLA,333VAL,612CLA-333VAL,0.212,121,B,121VAL,chlorophyll,hydrophobic,chlorophyll,protein
612,334,1,89,89,178.0,r,A,CLA,ARG,chain_r_chain_r_4_respairs_events_df.csv,216.5,159.68093186100836,176.0,104.0,600.0,8,1732.0,loop,,loop,,CP29,PsbS,pairs,612CLA,334ARG,612CLA-334ARG,0.178,122,B,122ARG,chlorophyll,basic,chlorophyll,protein
612,334,91,390,300,600.0,r,A,CLA,ARG,chain_r_chain_r_4_respairs_events_df.csv,216.5,159.68093186100836,176.0,104.0,600.0,8,1732.0,loop,,loop,,CP29,PsbS,pairs,612CLA,334ARG,612CLA-334ARG,0.6,122,B,122ARG,chlorophyll,basic,chlorophyll,protein
612,334,392,475,84,168.0,r,A,CLA,ARG,chain_r_chain_r_4_respairs_events_df.csv,216.5,159.68093186100836,176.0,104.0,600.0,8,1732.0,loop,,loop,,CP29,PsbS,pairs,612CLA,334ARG,612CLA-334ARG,0.168,122,B,122ARG,chlorophyll,basic,chlorophyll,protein
612,334,477,586,110,220.0,r,A,CLA,ARG,chain_r_chain_r_4_respairs_events_df.csv,216.5,159.68093186100836,176.0,104.0,600.0,8,1732.0,loop,,loop,,CP29,PsbS,pairs,612CLA,334ARG,612CLA-334ARG,0.22,122,B,122ARG,chlorophyll,basic,chlorophyll,protein
612,335,24,236,213,426.0,r,A,CLA,SER,chain_r_chain_r_4_respairs_events_df.csv,338.0,124.45079348883236,338.0,250.0,426.0,2,676.0,loop,,loop,,CP29,PsbS,pairs,612CLA,335SER,612CLA-335SER,0.426,123,B,123SER,chlorophyll,polar,chlorophyll,protein
612,335,262,386,125,250.0,r,A,CLA,SER,chain_r_chain_r_4_respairs_events_df.csv,338.0,124.45079348883236,338.0,250.0,426.0,2,676.0,loop,,loop,,CP29,PsbS,pairs,612CLA,335SER,612CLA-335SER,0.25,123,B,123SER,chlorophyll,polar,chlorophyll,protein
612,336,10,137,128,256.0,r,A,CLA,ALA,chain_r_chain_r_4_respairs_events_df.csv,204.0,73.53910524340094,204.0,152.0,256.0,2,408.0,loop,,loop,,CP29,PsbS,pairs,612CLA,336ALA,612CLA-336ALA,0.256,124,B,124ALA,chlorophyll,hydrophobic,chlorophyll,protein
612,336,311,386,76,152.0,r,A,CLA,ALA,chain_r_chain_r_4_respairs_events_df.csv,204.0,73.53910524340094,204.0,152.0,256.0,2,408.0,loop,,loop,,CP29,PsbS,pairs,612CLA,336ALA,612CLA-336ALA,0.152,124,B,124ALA,chlorophyll,hydrophobic,chlorophyll,protein
612,342,64,132,69,138.0,r,A,CLA,LYS,chain_r_chain_r_4_respairs_events_df.csv,138.0,,138.0,138.0,138.0,1,138.0,loop,,loop,,CP29,PsbS,pairs,612CLA,342LYS,612CLA-342LYS,0.138,130,B,130LYS,chlorophyll,basic,chlorophyll,protein
601,110,61,110,50,100.0,r,A,CLA,LEU,chain_r_chain_r_5_respairs_events_df.csv,100.0,,100.0,100.0,100.0,1,100.0,loop,,loop,,CP29,PsbS,pairs,601CLA,110LEU,601CLA-110LEU,0.1,110,A,110LEU,chlorophyll,hydrophobic,chlorophyll,protein
601,112,44,113,70,140.0,r,A,CLA,LYS,chain_r_chain_r_5_respairs_events_df.csv,140.0,,140.0,140.0,140.0,1,140.0,loop,,loop,,CP29,PsbS,pairs,601CLA,112LYS,601CLA-112LYS,0.14,112,A,112LYS,chlorophyll,basic,chlorophyll,protein
611,115,48,108,61,122.0,r,A,CLA,ILE,chain_r_chain_r_5_respairs_events_df.csv,124.0,17.511900715418264,121.0,106.0,148.0,4,496.0,loop,,loop,,CP29,PsbS,pairs,611CLA,115ILE,611CLA-115ILE,0.122,115,A,115ILE,chlorophyll,hydrophobic,chlorophyll,protein
611,115,335,394,60,120.0,r,A,CLA,ILE,chain_r_chain_r_5_respairs_events_df.csv,124.0,17.511900715418264,121.0,106.0,148.0,4,496.0,loop,,loop,,CP29,PsbS,pairs,611CLA,115ILE,611CLA-115ILE,0.12,115,A,115ILE,chlorophyll,hydrophobic,chlorophyll,protein
611,115,507,580,74,148.0,r,A,CLA,ILE,chain_r_chain_r_5_respairs_events_df.csv,124.0,17.511900715418264,121.0,106.0,148.0,4,496.0,loop,,loop,,CP29,PsbS,pairs,611CLA,115ILE,611CLA-115ILE,0.148,115,A,115ILE,chlorophyll,hydrophobic,chlorophyll,protein
611,115,582,634,53,106.0,r,A,CLA,ILE,chain_r_chain_r_5_respairs_events_df.csv,124.0,17.511900715418264,121.0,106.0,148.0,4,496.0,loop,,loop,,CP29,PsbS,pairs,611CLA,115ILE,611CLA-115ILE,0.106,115,A,115ILE,chlorophyll,hydrophobic,chlorophyll,protein
611,116,389,472,84,168.0,r,A,CLA,PRO,chain_r_chain_r_5_respairs_events_df.csv,168.0,,168.0,168.0,168.0,1,168.0,loop,,loop,,CP29,PsbS,pairs,611CLA,116PRO,611CLA-116PRO,0.168,116,A,116PRO,chlorophyll,special,chlorophyll,protein
611,117,338,394,57,114.0,r,A,CLA,PRO,chain_r_chain_r_5_respairs_events_df.csv,132.0,25.45584412271571,132.0,114.0,150.0,2,264.0,loop,,loop,,CP29,PsbS,pairs,611CLA,117PRO,611CLA-117PRO,0.114,117,A,117PRO,chlorophyll,special,chlorophyll,protein
611,117,524,598,75,150.0,r,A,CLA,PRO,chain_r_chain_r_5_respairs_events_df.csv,132.0,25.45584412271571,132.0,114.0,150.0,2,264.0,loop,,loop,,CP29,PsbS,pairs,611CLA,117PRO,611CLA-117PRO,0.15,117,A,117PRO,chlorophyll,special,chlorophyll,protein
611,118,331,401,71,142.0,r,A,CLA,GLY,chain_r_chain_r_5_respairs_events_df.csv,289.0,207.88939366884497,289.0,142.0,436.0,2,578.0,loop,,loop,,CP29,PsbS,pairs,611CLA,118GLY,611CLA-118GLY,0.142,118,A,118GLY,chlorophyll,special,chlorophyll,protein
611,118,448,665,218,436.0,r,A,CLA,GLY,chain_r_chain_r_5_respairs_events_df.csv,289.0,207.88939366884497,289.0,142.0,436.0,2,578.0,loop,,loop,,CP29,PsbS,pairs,611CLA,118GLY,611CLA-118GLY,0.436,118,A,118GLY,chlorophyll,special,chlorophyll,protein
611,119,325,378,54,108.0,r,A,CLA,LYS,chain_r_chain_r_5_respairs_events_df.csv,269.0,227.6883835420683,269.0,108.0,430.0,2,538.0,loop,,loop,,CP29,PsbS,pairs,611CLA,119LYS,611CLA-119LYS,0.108,119,A,119LYS,chlorophyll,basic,chlorophyll,protein
611,119,471,685,215,430.0,r,A,CLA,LYS,chain_r_chain_r_5_respairs_events_df.csv,269.0,227.6883835420683,269.0,108.0,430.0,2,538.0,loop,,loop,,CP29,PsbS,pairs,611CLA,119LYS,611CLA-119LYS,0.43,119,A,119LYS,chlorophyll,basic,chlorophyll,protein
611,120,170,262,93,186.0,r,A,CLA,ASP,chain_r_chain_r_5_respairs_events_df.csv,280.6666666666667,225.4358741046628,186.0,118.0,538.0,3,842.0,loop,,loop,,CP29,PsbS,pairs,611CLA,120ASP,611CLA-120ASP,0.186,120,A,120ASP,chlorophyll,ASP,chlorophyll,protein
611,120,286,344,59,118.0,r,A,CLA,ASP,chain_r_chain_r_5_respairs_events_df.csv,280.6666666666667,225.4358741046628,186.0,118.0,538.0,3,842.0,loop,,loop,,CP29,PsbS,pairs,611CLA,120ASP,611CLA-120ASP,0.118,120,A,120ASP,chlorophyll,ASP,chlorophyll,protein
611,120,469,737,269,538.0,r,A,CLA,ASP,chain_r_chain_r_5_respairs_events_df.csv,280.6666666666667,225.4358741046628,186.0,118.0,538.0,3,842.0,loop,,loop,,CP29,PsbS,pairs,611CLA,120ASP,611CLA-120ASP,0.538,120,A,120ASP,chlorophyll,ASP,chlorophyll,protein
611,121,88,137,50,100.0,r,A,CLA,VAL,chain_r_chain_r_5_respairs_events_df.csv,175.0,69.3685807840985,166.0,100.0,268.0,4,700.0,loop,,loop,,CP29,PsbS,pairs,611CLA,121VAL,611CLA-121VAL,0.1,121,A,121VAL,chlorophyll,hydrophobic,chlorophyll,protein
611,121,145,227,83,166.0,r,A,CLA,VAL,chain_r_chain_r_5_respairs_events_df.csv,175.0,69.3685807840985,166.0,100.0,268.0,4,700.0,loop,,loop,,CP29,PsbS,pairs,611CLA,121VAL,611CLA-121VAL,0.166,121,A,121VAL,chlorophyll,hydrophobic,chlorophyll,protein
611,121,503,585,83,166.0,r,A,CLA,VAL,chain_r_chain_r_5_respairs_events_df.csv,175.0,69.3685807840985,166.0,100.0,268.0,4,700.0,loop,,loop,,CP29,PsbS,pairs,611CLA,121VAL,611CLA-121VAL,0.166,121,A,121VAL,chlorophyll,hydrophobic,chlorophyll,protein
611,121,590,723,134,268.0,r,A,CLA,VAL,chain_r_chain_r_5_respairs_events_df.csv,175.0,69.3685807840985,166.0,100.0,268.0,4,700.0,loop,,loop,,CP29,PsbS,pairs,611CLA,121VAL,611CLA-121VAL,0.268,121,A,121VAL,chlorophyll,hydrophobic,chlorophyll,protein
611,122,22,221,200,400.0,r,A,CLA,ARG,chain_r_chain_r_5_respairs_events_df.csv,221.3333333333333,154.84616021501256,138.0,126.0,400.0,3,664.0,loop,,loop,,CP29,PsbS,pairs,611CLA,122ARG,611CLA-122ARG,0.4,122,A,122ARG,chlorophyll,basic,chlorophyll,protein
611,122,270,338,69,138.0,r,A,CLA,ARG,chain_r_chain_r_5_respairs_events_df.csv,221.3333333333333,154.84616021501256,138.0,126.0,400.0,3,664.0,loop,,loop,,CP29,PsbS,pairs,611CLA,122ARG,611CLA-122ARG,0.138,122,A,122ARG,chlorophyll,basic,chlorophyll,protein
611,122,504,566,63,126.0,r,A,CLA,ARG,chain_r_chain_r_5_respairs_events_df.csv,221.3333333333333,154.84616021501256,138.0,126.0,400.0,3,664.0,loop,,loop,,CP29,PsbS,pairs,611CLA,122ARG,611CLA-122ARG,0.126,122,A,122ARG,chlorophyll,basic,chlorophyll,protein
612,114,523,578,56,112.0,r,A,CLA,VAL,chain_r_chain_r_5_respairs_events_df.csv,112.0,,112.0,112.0,112.0,1,112.0,loop,,loop,,CP29,PsbS,pairs,612CLA,114VAL,612CLA-114VAL,0.112,114,A,114VAL,chlorophyll,hydrophobic,chlorophyll,protein
612,115,3,396,394,788.0,r,A,CLA,ILE,chain_r_chain_r_5_respairs_events_df.csv,655.0,188.09040379562165,655.0,522.0,788.0,2,1310.0,loop,,loop,,CP29,PsbS,pairs,612CLA,115ILE,612CLA-115ILE,0.788,115,A,115ILE,chlorophyll,hydrophobic,chlorophyll,protein
612,115,461,721,261,522.0,r,A,CLA,ILE,chain_r_chain_r_5_respairs_events_df.csv,655.0,188.09040379562165,655.0,522.0,788.0,2,1310.0,loop,,loop,,CP29,PsbS,pairs,612CLA,115ILE,612CLA-115ILE,0.522,115,A,115ILE,chlorophyll,hydrophobic,chlorophyll,protein
612,116,146,197,52,104.0,r,A,CLA,PRO,chain_r_chain_r_5_respairs_events_df.csv,350.0,347.8965363437814,350.0,104.0,596.0,2,700.0,loop,,loop,,CP29,PsbS,pairs,612CLA,116PRO,612CLA-116PRO,0.104,116,A,116PRO,chlorophyll,special,chlorophyll,protein
612,116,337,634,298,596.0,r,A,CLA,PRO,chain_r_chain_r_5_respairs_events_df.csv,350.0,347.8965363437814,350.0,104.0,596.0,2,700.0,loop,,loop,,CP29,PsbS,pairs,612CLA,116PRO,612CLA-116PRO,0.596,116,A,116PRO,chlorophyll,special,chlorophyll,protein
612,117,146,229,84,168.0,r,A,CLA,PRO,chain_r_chain_r_5_respairs_events_df.csv,202.0,106.16967551989596,155.0,138.0,360.0,4,808.0,loop,,loop,,CP29,PsbS,pairs,612CLA,117PRO,612CLA-117PRO,0.168,117,A,117PRO,chlorophyll,special,chlorophyll,protein
612,117,238,308,71,142.0,r,A,CLA,PRO,chain_r_chain_r_5_respairs_events_df.csv,202.0,106.16967551989596,155.0,138.0,360.0,4,808.0,loop,,loop,,CP29,PsbS,pairs,612CLA,117PRO,612CLA-117PRO,0.142,117,A,117PRO,chlorophyll,special,chlorophyll,protein
612,117,331,399,69,138.0,r,A,CLA,PRO,chain_r_chain_r_5_respairs_events_df.csv,202.0,106.16967551989596,155.0,138.0,360.0,4,808.0,loop,,loop,,CP29,PsbS,pairs,612CLA,117PRO,612CLA-117PRO,0.138,117,A,117PRO,chlorophyll,special,chlorophyll,protein
612,117,471,650,180,360.0,r,A,CLA,PRO,chain_r_chain_r_5_respairs_events_df.csv,202.0,106.16967551989596,155.0,138.0,360.0,4,808.0,loop,,loop,,CP29,PsbS,pairs,612CLA,117PRO,612CLA-117PRO,0.36,117,A,117PRO,chlorophyll,special,chlorophyll,protein
612,118,131,287,157,314.0,r,A,CLA,GLY,chain_r_chain_r_5_respairs_events_df.csv,305.3333333333333,83.33866649601093,314.0,218.0,384.0,3,916.0,loop,,loop,,CP29,PsbS,pairs,612CLA,118GLY,612CLA-118GLY,0.314,118,A,118GLY,chlorophyll,special,chlorophyll,protein
612,118,289,397,109,218.0,r,A,CLA,GLY,chain_r_chain_r_5_respairs_events_df.csv,305.3333333333333,83.33866649601093,314.0,218.0,384.0,3,916.0,loop,,loop,,CP29,PsbS,pairs,612CLA,118GLY,612CLA-118GLY,0.218,118,A,118GLY,chlorophyll,special,chlorophyll,protein
612,118,468,659,192,384.0,r,A,CLA,GLY,chain_r_chain_r_5_respairs_events_df.csv,305.3333333333333,83.33866649601093,314.0,218.0,384.0,3,916.0,loop,,loop,,CP29,PsbS,pairs,612CLA,118GLY,612CLA-118GLY,0.384,118,A,118GLY,chlorophyll,special,chlorophyll,protein
612,119,129,272,144,288.0,r,A,CLA,LYS,chain_r_chain_r_5_respairs_events_df.csv,335.0,66.46803743153546,335.0,288.0,382.0,2,670.0,loop,,loop,,CP29,PsbS,pairs,612CLA,119LYS,612CLA-119LYS,0.288,119,A,119LYS,chlorophyll,basic,chlorophyll,protein
612,119,471,661,191,382.0,r,A,CLA,LYS,chain_r_chain_r_5_respairs_events_df.csv,335.0,66.46803743153546,335.0,288.0,382.0,2,670.0,loop,,loop,,CP29,PsbS,pairs,612CLA,119LYS,612CLA-119LYS,0.382,119,A,119LYS,chlorophyll,basic,chlorophyll,protein
612,120,98,269,172,344.0,r,A,CLA,ASP,chain_r_chain_r_5_respairs_events_df.csv,363.0,26.87005768508881,363.0,344.0,382.0,2,726.0,loop,,loop,,CP29,PsbS,pairs,612CLA,120ASP,612CLA-120ASP,0.344,120,A,120ASP,chlorophyll,ASP,chlorophyll,protein
612,120,471,661,191,382.0,r,A,CLA,ASP,chain_r_chain_r_5_respairs_events_df.csv,363.0,26.87005768508881,363.0,344.0,382.0,2,726.0,loop,,loop,,CP29,PsbS,pairs,612CLA,120ASP,612CLA-120ASP,0.382,120,A,120ASP,chlorophyll,ASP,chlorophyll,protein
612,121,89,170,82,164.0,r,A,CLA,VAL,chain_r_chain_r_5_respairs_events_df.csv,182.0,90.64215354899729,157.0,102.0,312.0,4,728.0,loop,,loop,,CP29,PsbS,pairs,612CLA,121VAL,612CLA-121VAL,0.164,121,A,121VAL,chlorophyll,hydrophobic,chlorophyll,protein
612,121,194,244,51,102.0,r,A,CLA,VAL,chain_r_chain_r_5_respairs_events_df.csv,182.0,90.64215354899729,157.0,102.0,312.0,4,728.0,loop,,loop,,CP29,PsbS,pairs,612CLA,121VAL,612CLA-121VAL,0.102,121,A,121VAL,chlorophyll,hydrophobic,chlorophyll,protein
612,121,497,652,156,312.0,r,A,CLA,VAL,chain_r_chain_r_5_respairs_events_df.csv,182.0,90.64215354899729,157.0,102.0,312.0,4,728.0,loop,,loop,,CP29,PsbS,pairs,612CLA,121VAL,612CLA-121VAL,0.312,121,A,121VAL,chlorophyll,hydrophobic,chlorophyll,protein
612,121,655,729,75,150.0,r,A,CLA,VAL,chain_r_chain_r_5_respairs_events_df.csv,182.0,90.64215354899729,157.0,102.0,312.0,4,728.0,loop,,loop,,CP29,PsbS,pairs,612CLA,121VAL,612CLA-121VAL,0.15,121,A,121VAL,chlorophyll,hydrophobic,chlorophyll,protein
612,122,22,169,148,296.0,r,A,CLA,ARG,chain_r_chain_r_5_respairs_events_df.csv,205.6,102.48316934989862,156.0,104.0,334.0,5,1028.0,loop,,loop,,CP29,PsbS,pairs,612CLA,122ARG,612CLA-122ARG,0.296,122,A,122ARG,chlorophyll,basic,chlorophyll,protein
612,122,171,222,52,104.0,r,A,CLA,ARG,chain_r_chain_r_5_respairs_events_df.csv,205.6,102.48316934989862,156.0,104.0,334.0,5,1028.0,loop,,loop,,CP29,PsbS,pairs,612CLA,122ARG,612CLA-122ARG,0.104,122,A,122ARG,chlorophyll,basic,chlorophyll,protein
612,122,270,338,69,138.0,r,A,CLA,ARG,chain_r_chain_r_5_respairs_events_df.csv,205.6,102.48316934989862,156.0,104.0,334.0,5,1028.0,loop,,loop,,CP29,PsbS,pairs,612CLA,122ARG,612CLA-122ARG,0.138,122,A,122ARG,chlorophyll,basic,chlorophyll,protein
612,122,492,658,167,334.0,r,A,CLA,ARG,chain_r_chain_r_5_respairs_events_df.csv,205.6,102.48316934989862,156.0,104.0,334.0,5,1028.0,loop,,loop,,CP29,PsbS,pairs,612CLA,122ARG,612CLA-122ARG,0.334,122,A,122ARG,chlorophyll,basic,chlorophyll,protein
612,122,660,737,78,156.0,r,A,CLA,ARG,chain_r_chain_r_5_respairs_events_df.csv,205.6,102.48316934989862,156.0,104.0,334.0,5,1028.0,loop,,loop,,CP29,PsbS,pairs,612CLA,122ARG,612CLA-122ARG,0.156,122,A,122ARG,chlorophyll,basic,chlorophyll,protein
612,127,38,217,180,360.0,r,A,CLA,LEU,chain_r_chain_r_5_respairs_events_df.csv,360.0,,360.0,360.0,360.0,1,360.0,loop,,loop,,CP29,PsbS,pairs,612CLA,127LEU,612CLA-127LEU,0.36,127,A,127LEU,chlorophyll,hydrophobic,chlorophyll,protein
612,128,31,223,193,386.0,r,A,CLA,LYS,chain_r_chain_r_5_respairs_events_df.csv,386.0,,386.0,386.0,386.0,1,386.0,loop,,loop,,CP29,PsbS,pairs,612CLA,128LYS,612CLA-128LYS,0.386,128,A,128LYS,chlorophyll,basic,chlorophyll,protein
612,129,52,102,51,102.0,r,A,CLA,THR,chain_r_chain_r_5_respairs_events_df.csv,102.0,,102.0,102.0,102.0,1,102.0,loop,,loop,,CP29,PsbS,pairs,612CLA,129THR,612CLA-129THR,0.102,129,A,129THR,chlorophyll,polar,chlorophyll,protein
612,130,47,109,63,126.0,r,A,CLA,LYS,chain_r_chain_r_5_respairs_events_df.csv,174.66666666666666,87.78002810054993,126.0,122.0,276.0,3,524.0,loop,,loop,,CP29,PsbS,pairs,612CLA,130LYS,612CLA-130LYS,0.126,130,A,130LYS,chlorophyll,basic,chlorophyll,protein
612,130,253,313,61,122.0,r,A,CLA,LYS,chain_r_chain_r_5_respairs_events_df.csv,174.66666666666666,87.78002810054993,126.0,122.0,276.0,3,524.0,loop,,loop,,CP29,PsbS,pairs,612CLA,130LYS,612CLA-130LYS,0.122,130,A,130LYS,chlorophyll,basic,chlorophyll,protein
612,130,338,475,138,276.0,r,A,CLA,LYS,chain_r_chain_r_5_respairs_events_df.csv,174.66666666666666,87.78002810054993,126.0,122.0,276.0,3,524.0,loop,,loop,,CP29,PsbS,pairs,612CLA,130LYS,612CLA-130LYS,0.276,130,A,130LYS,chlorophyll,basic,chlorophyll,protein
